调用类名,被调用类名,调用次数
FilterHelpAppendable,append,3
HelpAppendable,format,2
HelpAppendable,append,1
HelpAppendable,appendParagraph,1
HelpFormatter,add,7
HelpFormatter,setAlignment,3
HelpFormatter,setLeftPad,1
HelpFormatter,getSince,1
HelpFormatter,getArgName,1
HelpFormatter,getDescription,1
HelpFormatter,asList,2
HelpFormatter,getOptionFormatBuilder,1
HelpFormatter,getBothOpt,1
HelpFormatter,setLength,1
HelpFormatter,build,1
HelpFormatter,get,3
HelpFormatter,setIndent,1
HelpFormatter,builder,1
HelpFormatter,hasArg,1
HelpFormatter,toString,1
HelpFormatter,from,1
HelpFormatter,append,3
HelpFormatter,setScalable,2
TextStyle,repeatSpace,5
TextStyle,length,3
TextStyle,format,1
TextStyle,toString,1
TextStyle,append,9
TextHelpAppendable,setAlignment,1
TextHelpAppendable,setTextStyle,2
TextHelpAppendable,adjustTableFormat,1
TextHelpAppendable,appendFormat,1
TextHelpAppendable,setLeftPad,2
TextHelpAppendable,defaultValue,2
TextHelpAppendable,setMinWidth,1
TextHelpAppendable,caption,2
TextHelpAppendable,poll,1
TextHelpAppendable,lineSeparator,3
TextHelpAppendable,getLeftPad,8
TextHelpAppendable,getMaxWidth,17
TextHelpAppendable,getMinWidth,2
TextHelpAppendable,isScalable,2
TextHelpAppendable,pad,1
TextHelpAppendable,min,6
TextHelpAppendable,get,16
TextHelpAppendable,repeat,2
TextHelpAppendable,builder,3
TextHelpAppendable,setIndent,3
TextHelpAppendable,from,1
TextHelpAppendable,writeColumnQueues,2
TextHelpAppendable,indexOfWrap,1
TextHelpAppendable,appendParagraph,1
TextHelpAppendable,add,10
TextHelpAppendable,headers,3
TextHelpAppendable,set,1
TextHelpAppendable,getIndent,5
TextHelpAppendable,max,1
TextHelpAppendable,repeatSpace,6
TextHelpAppendable,printQueue,6
TextHelpAppendable,length,14
TextHelpAppendable,isEmpty,6
TextHelpAppendable,format,2
TextHelpAppendable,rtrim,1
TextHelpAppendable,isWhitespace,1
TextHelpAppendable,setMaxWidth,5
TextHelpAppendable,subSequence,1
TextHelpAppendable,rows,3
TextHelpAppendable,contains,1
TextHelpAppendable,makeColumnQueues,2
TextHelpAppendable,size,4
TextHelpAppendable,indexOfNonWhitespace,1
TextHelpAppendable,columnTextStyles,5
TextHelpAppendable,resize,3
TextHelpAppendable,charAt,2
TextHelpAppendable,makeColumnQueue,7
TextHelpAppendable,append,6
Builder,asThis,4
Builder,systemOut,1
Builder,defaultValue,11
Builder,builder,1
Util,indexOfNonWhitespace,1
Util,repeat,1
Util,isEmpty,3
Util,length,4
Util,isWhitespace,3
Util,fill,1
Util,charAt,2
Util,substring,2
OptionFormatter,isRequired,2
OptionFormatter,isDeprecated,1
OptionFormatter,apply,2
OptionFormatter,defaultValue,3
OptionFormatter,getSince,1
OptionFormatter,length,1
OptionFormatter,isEmpty,4
OptionFormatter,getArgName,1
OptionFormatter,getDescription,1
OptionFormatter,toSyntaxOption,1
OptionFormatter,build,1
OptionFormatter,getOpt,3
OptionFormatter,getLongOpt,4
OptionFormatter,hasArg,1
OptionFormatter,toString,1
OptionFormatter,append,2
AbstractHelpFormatter,add,1
AbstractHelpFormatter,next,1
AbstractHelpFormatter,isRequired,1
AbstractHelpFormatter,toOptional,1
AbstractHelpFormatter,apply,1
AbstractHelpFormatter,appendParagraphFormat,2
AbstractHelpFormatter,forEach,1
AbstractHelpFormatter,isEmpty,3
AbstractHelpFormatter,hasNext,2
AbstractHelpFormatter,sort,4
AbstractHelpFormatter,getTableDefinition,2
AbstractHelpFormatter,toSyntaxOption,2
AbstractHelpFormatter,toSyntaxOptions,4
AbstractHelpFormatter,printOptions,2
AbstractHelpFormatter,printHelp,1
AbstractHelpFormatter,contains,1
AbstractHelpFormatter,iterator,1
AbstractHelpFormatter,toArgName,1
AbstractHelpFormatter,build,3
AbstractHelpFormatter,toString,3
AbstractHelpFormatter,appendTable,2
AbstractHelpFormatter,getOptions,5
AbstractHelpFormatter,append,6
AbstractHelpFormatter,appendParagraph,2
Options,setRequired,2
Options,values,2
Options,getOptionGroups,1
Options,put,3
Options,remove,1
Options,unmodifiableCollection,1
Options,stripLeadingHyphens,5
Options,hasOption,1
Options,get,3
Options,indexOf,1
Options,keySet,1
Options,helpOptions,1
Options,add,3
Options,getKey,5
Options,isRequired,2
Options,forEach,1
Options,containsKey,5
Options,singletonList,1
Options,hasLongOpt,1
Options,unmodifiableList,1
Options,contains,1
Options,addOption,6
Options,getLongOpt,1
Options,toString,2
Options,getOptions,2
Options,append,5
Options,startsWith,1
OptionValidator,isValidOpt,1
OptionValidator,isValidChar,1
OptionValidator,search,2
OptionValidator,toCharArray,1
OptionValidator,isJavaIdentifierPart,2
OptionValidator,isEmpty,1
OptionValidator,format,2
OptionValidator,length,1
PatternOptionBuilder,isValueCode,1
PatternOptionBuilder,valueOf,2
PatternOptionBuilder,converter,1
PatternOptionBuilder,length,1
PatternOptionBuilder,type,2
PatternOptionBuilder,required,2
PatternOptionBuilder,put,1
PatternOptionBuilder,unsupported,1
PatternOptionBuilder,addOption,2
PatternOptionBuilder,build,2
PatternOptionBuilder,createDefaultMap,1
PatternOptionBuilder,hasArg,2
PatternOptionBuilder,builder,2
PatternOptionBuilder,getValueType,3
PatternOptionBuilder,charAt,1
PatternOptionBuilder,getConverter,1
AmbiguousOptionException,next,1
AmbiguousOptionException,iterator,1
AmbiguousOptionException,hasNext,2
AmbiguousOptionException,toString,1
AmbiguousOptionException,append,7
Builder,add,2
Builder,toType,1
Builder,setShowDeprecated,1
Builder,get,2
Builder,deprecated,1
Builder,requireNonNull,1
Builder,hasArg,1
Builder,valueSeparator,1
Builder,required,1
Builder,validate,1
PosixParser,next,2
PosixParser,getOption,4
PosixParser,processNonOptionToken,3
PosixParser,substring,4
PosixParser,asList,1
PosixParser,indexOfEqual,1
PosixParser,iterator,1
PosixParser,hasOption,4
PosixParser,get,2
PosixParser,hasArg,2
PosixParser,toArray,1
PosixParser,getMatchingOptions,3
PosixParser,add,10
PosixParser,init,1
PosixParser,burstToken,1
PosixParser,valueOf,1
PosixParser,length,3
PosixParser,isEmpty,2
PosixParser,clear,1
PosixParser,hasNext,2
PosixParser,gobble,1
PosixParser,size,2
PosixParser,equals,2
PosixParser,getLongOpt,2
PosixParser,processOptionToken,2
PosixParser,charAt,1
PosixParser,startsWith,2
GnuParser,add,10
GnuParser,indexOfEqual,1
GnuParser,stripLeadingHyphens,1
GnuParser,hasOption,3
GnuParser,equals,2
GnuParser,toArray,1
GnuParser,indexOf,2
GnuParser,substring,6
GnuParser,startsWith,1
OptionComparator,getKey,2
OptionComparator,compareToIgnoreCase,1
Util,isEmpty,3
Util,length,1
Util,endsWith,1
Util,indexOf,1
Util,substring,4
Util,startsWith,3
DeprecatedAttributes,isEmpty,2
DeprecatedAttributes,toString,1
DeprecatedAttributes,append,5
Parser,clearValues,1
Parser,next,3
Parser,addArg,4
Parser,setSelected,2
Parser,processOption,1
Parser,processProperties,1
Parser,getOption,2
Parser,processValue,2
Parser,getOptionGroups,1
Parser,asList,1
Parser,remove,2
Parser,flatten,1
Parser,hasOption,4
Parser,hasMoreElements,1
Parser,get,1
Parser,builder,1
Parser,hasArg,2
Parser,isSelected,1
Parser,setOptions,1
Parser,equalsIgnoreCase,3
Parser,getRequiredOptions,5
Parser,helpOptions,1
Parser,checkRequiredOptions,1
Parser,isRequired,2
Parser,getKey,1
Parser,updateRequiredOptions,2
Parser,getProperty,1
Parser,previous,2
Parser,getValues,2
Parser,processArgs,1
Parser,isEmpty,2
Parser,hasNext,3
Parser,parse,3
Parser,hasOptionalArg,1
Parser,getOptionGroup,3
Parser,addOption,2
Parser,propertyNames,1
Parser,equals,3
Parser,clone,1
Parser,listIterator,1
Parser,toString,1
Parser,getOptions,7
Parser,startsWith,2
Parser,stripLeadingAndTrailingQuotes,1
Parser,nextElement,1
HelpFormatter,getOptPrefix,1
HelpFormatter,appendOptionGroup,1
HelpFormatter,iterator,3
HelpFormatter,trim,2
HelpFormatter,getLeftPadding,1
HelpFormatter,indexOf,4
HelpFormatter,helpOptions,1
HelpFormatter,add,2
HelpFormatter,isRequired,3
HelpFormatter,appendWrappedText,4
HelpFormatter,createPadding,7
HelpFormatter,appendOptions,2
HelpFormatter,getSince,4
HelpFormatter,getArgName,8
HelpFormatter,hasNext,6
HelpFormatter,getDescPadding,1
HelpFormatter,sort,3
HelpFormatter,isWhitespace,1
HelpFormatter,fill,1
HelpFormatter,contains,1
HelpFormatter,determineMaxSinceLength,1
HelpFormatter,getOptionComparator,6
HelpFormatter,getOptions,3
HelpFormatter,getNewLine,5
HelpFormatter,getLongOptPrefix,2
HelpFormatter,next,3
HelpFormatter,getWidth,3
HelpFormatter,getDescription,3
HelpFormatter,printUsage,2
HelpFormatter,substring,4
HelpFormatter,printHelp,7
HelpFormatter,println,2
HelpFormatter,flush,1
HelpFormatter,stream,1
HelpFormatter,get,1
HelpFormatter,hasArg,2
HelpFormatter,findWrapPos,2
HelpFormatter,map,1
HelpFormatter,isDeprecated,1
HelpFormatter,max,2
HelpFormatter,apply,1
HelpFormatter,renderWrappedTextBlock,1
HelpFormatter,isEmpty,6
HelpFormatter,length,14
HelpFormatter,rtrim,3
HelpFormatter,printWrapped,5
HelpFormatter,getSyntaxPrefix,3
HelpFormatter,readLine,1
HelpFormatter,orElse,1
HelpFormatter,printOptions,1
HelpFormatter,appendOption,2
HelpFormatter,hasLongOpt,2
HelpFormatter,getOptionGroup,1
HelpFormatter,getOpt,5
HelpFormatter,getLongOpt,3
HelpFormatter,toString,5
HelpFormatter,append,52
HelpFormatter,charAt,2
CommandLine,getValuesList,3
CommandLine,getParsedOptionValue,12
CommandLine,getParsedOptionValues,11
CommandLine,put,2
CommandLine,cast,1
CommandLine,println,1
CommandLine,iterator,1
CommandLine,stripLeadingHyphens,1
CommandLine,hasOption,3
CommandLine,get,12
CommandLine,getOptionValues,6
CommandLine,toArray,3
CommandLine,isSelected,4
CommandLine,getOptionObject,1
CommandLine,add,2
CommandLine,isDeprecated,2
CommandLine,apply,2
CommandLine,valueOf,12
CommandLine,handleDeprecated,2
CommandLine,isEmpty,1
CommandLine,getMessage,1
CommandLine,newInstance,1
CommandLine,accept,1
CommandLine,resolveOption,11
CommandLine,getSelected,4
CommandLine,contains,1
CommandLine,processPropertiesFromValues,2
CommandLine,size,2
CommandLine,getOpt,2
CommandLine,addAll,1
CommandLine,getType,1
CommandLine,equals,6
CommandLine,getLongOpt,2
CommandLine,getOptionValue,11
CommandLine,wrap,2
CommandLine,getConverter,2
OptionGroup,next,1
OptionGroup,getKey,3
OptionGroup,values,1
OptionGroup,hasNext,2
OptionGroup,getDescription,2
OptionGroup,put,1
OptionGroup,iterator,1
OptionGroup,getOpt,2
OptionGroup,equals,1
OptionGroup,getLongOpt,1
OptionGroup,toString,1
OptionGroup,getOptions,1
OptionGroup,keySet,1
OptionGroup,append,9
OptionBuilder,setRequired,1
OptionBuilder,setOptionalArg,1
OptionBuilder,valueOf,1
OptionBuilder,getDefault,1
OptionBuilder,setType,1
OptionBuilder,setValueSeparator,1
OptionBuilder,setArgName,1
OptionBuilder,withType,1
OptionBuilder,setLongOpt,1
OptionBuilder,setConverter,1
OptionBuilder,setArgs,1
OptionBuilder,reset,2
OptionBuilder,create,2
OptionBuilder,getConverter,1
Option,acceptsArg,2
Option,hasValueSeparator,1
Option,hasNoValues,3
Option,getValueSeparator,1
Option,substring,2
Option,hasArgs,2
Option,get,2
Option,builder,1
Option,hasArg,2
Option,toArray,1
Option,indexOf,2
Option,add,3
Option,getKey,1
Option,isDeprecated,2
Option,toType,1
Option,clear,1
Option,isEmpty,3
Option,getMessage,1
Option,getDefault,1
Option,hasOptionalArg,1
Option,setType,1
Option,getValue,1
Option,size,2
Option,equals,2
Option,clone,1
Option,toString,3
Option,getConverter,1
Option,charAt,1
Option,hash,1
Option,append,22
TypeHandler,createValueUnchecked,2
TypeHandler,putDefaultMap,1
TypeHandler,getOrDefault,1
TypeHandler,apply,1
TypeHandler,getDefault,1
TypeHandler,put,17
TypeHandler,substring,1
TypeHandler,parseInt,1
TypeHandler,createValue,7
TypeHandler,wrap,1
TypeHandler,getConverter,1
TypeHandler,charAt,1
TypeHandler,startsWith,1
TypeHandler,toChars,1
MissingOptionException,next,1
MissingOptionException,iterator,1
MissingOptionException,size,1
MissingOptionException,hasNext,2
MissingOptionException,toString,1
MissingOptionException,append,4
DefaultParser,acceptsArg,5
DefaultParser,setSelected,2
DefaultParser,getOption,13
DefaultParser,processValue,9
DefaultParser,getOptionGroups,1
DefaultParser,indexOfEqual,5
DefaultParser,hasOption,2
DefaultParser,handleShortAndLongOption,1
DefaultParser,setDeprecatedHandler,1
DefaultParser,hasMoreElements,1
DefaultParser,hasLongOption,6
DefaultParser,getMatchingOptions,1
DefaultParser,equalsIgnoreCase,3
DefaultParser,indexOf,1
DefaultParser,handleOption,10
DefaultParser,getRequiredOptions,1
DefaultParser,add,1
DefaultParser,getKey,2
DefaultParser,isRequired,2
DefaultParser,isJavaProperty,3
DefaultParser,handleConcatenatedOptions,1
DefaultParser,isNegativeNumber,1
DefaultParser,getArgs,2
DefaultParser,size,3
DefaultParser,propertyNames,1
DefaultParser,stripLeadingAndTrailingQuotesDefaultOff,5
DefaultParser,addArg,2
DefaultParser,handleLongOption,1
DefaultParser,getValuesList,1
DefaultParser,handleUnknownToken,7
DefaultParser,isOption,1
DefaultParser,substring,16
DefaultParser,getMatchingLongOptions,4
DefaultParser,remove,2
DefaultParser,parseDouble,1
DefaultParser,stripLeadingHyphens,2
DefaultParser,handleToken,1
DefaultParser,get,3
DefaultParser,handleProperties,1
DefaultParser,hasArg,2
DefaultParser,isSelected,1
DefaultParser,builder,1
DefaultParser,checkRequiredOptions,1
DefaultParser,getLongPrefix,2
DefaultParser,requiresArg,1
DefaultParser,updateRequiredOptions,1
DefaultParser,getProperty,1
DefaultParser,getValues,1
DefaultParser,valueOf,2
DefaultParser,isEmpty,8
DefaultParser,length,9
DefaultParser,handleLongOptionWithoutEqual,2
DefaultParser,hasShortOption,4
DefaultParser,parse,3
DefaultParser,isArgument,1
DefaultParser,getOptionGroup,3
DefaultParser,addOption,1
DefaultParser,handleLongOptionWithEqual,2
DefaultParser,getLongOpt,1
DefaultParser,equals,2
DefaultParser,clone,1
DefaultParser,toString,1
DefaultParser,stripLeadingAndTrailingQuotesDefaultOn,1
DefaultParser,isShortOption,1
DefaultParser,charAt,2
DefaultParser,isLongOption,1
DefaultParser,checkRequiredArgs,2
DefaultParser,nextElement,1
DefaultParser,startsWith,6
DefaultParser,stripLeadingAndTrailingQuotes,2
BugCLI266Test,setRequired,2
BugCLI266Test,assertEquals,2
BugCLI266Test,sort,1
BugCLI266Test,required,2
BugCLI266Test,addOption,9
BugCLI266Test,argName,7
BugCLI266Test,build,9
BugCLI266Test,getOpt,2
BugCLI266Test,getOptionComparator,1
BugCLI266Test,get,2
BugCLI266Test,hasArg,7
BugCLI266Test,builder,9
BugCLI266Test,getOptions,4
BugCLI266Test,addOptionGroup,2
BugCLI266Test,buildOptionsGroup,1
BugCLI266Test,longOpt,3
BugCLI266Test,desc,1
BugCLI325Test,getOptionProperties,1
BugCLI325Test,addOption,1
BugCLI325Test,size,1
BugCLI325Test,build,1
BugCLI325Test,hasArgs,1
BugCLI325Test,get,3
BugCLI325Test,valueSeparator,1
BugCLI325Test,builder,2
BugCLI325Test,assertEquals,3
BugCLI325Test,parse,1
BugCLI325Test,desc,1
BugCLI71Test,setOptionalArg,1
BugCLI71Test,addOption,2
BugCLI71Test,getOpt,1
BugCLI71Test,getOptionValue,6
BugCLI71Test,assertEquals,7
BugCLI71Test,getOption,2
BugCLI71Test,parse,5
BugCLI71Test,assertThrows,1
BugCLI71Test,setArgName,2
BugCLI312Test,getOptionProperties,1
BugCLI312Test,getProperty,5
BugCLI312Test,getValues,5
BugCLI312Test,numberOfArgs,3
BugCLI312Test,assertEquals,8
BugCLI312Test,parse,3
BugCLI312Test,assertArrayEquals,7
BugCLI312Test,fail,1
BugCLI312Test,split,3
BugCLI312Test,addOption,4
BugCLI312Test,size,1
BugCLI312Test,build,4
BugCLI312Test,getOpt,1
BugCLI312Test,getOptionValues,2
BugCLI312Test,get,2
BugCLI312Test,equals,1
BugCLI312Test,builder,4
BugCLI312Test,valueSeparator,3
BugCLI312Test,assertThrows,1
BugCLI312Test,getOptions,1
BugCLI312Test,longOpt,3
BugCLI312Test,option,3
BugCLI312Test,getArgList,2
BugCLI18Test,printHelp,1
BugCLI18Test,addOption,3
BugsTest,next,1
BugsTest,setRequired,2
BugsTest,assertFalse,1
BugsTest,withDescription,5
BugsTest,getId,1
BugsTest,getOption,2
BugsTest,lineSeparator,2
BugsTest,setOut,2
BugsTest,printHelp,2
BugsTest,withValueSeparator,2
BugsTest,iterator,1
BugsTest,hasOption,8
BugsTest,assertTrue,5
BugsTest,hasArgs,3
BugsTest,assertNotNull,2
BugsTest,getOptionValues,2
BugsTest,get,1
BugsTest,setArgs,1
BugsTest,hasArg,6
BugsTest,builder,1
BugsTest,create,13
BugsTest,assertThrows,3
BugsTest,withLongOpt,3
BugsTest,isRequired,1
BugsTest,assertEquals,18
BugsTest,hasNext,1
BugsTest,parse,18
BugsTest,hasOptionalArg,2
BugsTest,getArgs,1
BugsTest,setPrintWriter,1
BugsTest,getValue,5
BugsTest,fail,2
BugsTest,assertNull,1
BugsTest,addOption,29
BugsTest,getOptionValue,15
BugsTest,setProperty,1
BugsTest,toString,2
BugsTest,addOptionGroup,2
BugCLI162Test,printHelp,4
BugCLI162Test,getClass,3
BugCLI162Test,setOptionalArg,1
BugCLI162Test,getName,4
BugCLI162Test,addOption,27
BugCLI162Test,setArgs,1
BugCLI162Test,assertEquals,4
BugCLI162Test,toString,4
BugCLI162Test,addOptionGroup,2
BugCLI252Test,addOption,2
BugCLI252Test,build,2
BugCLI252Test,builder,2
BugCLI252Test,assertThrows,1
BugCLI252Test,parse,2
BugCLI252Test,getOptions,2
BugCLI252Test,longOpt,2
BugCLI13Test,withArgName,1
BugCLI13Test,addOption,1
BugCLI13Test,hasOption,2
BugCLI13Test,assertTrue,2
BugCLI13Test,getOptionValue,2
BugCLI13Test,hasArg,1
BugCLI13Test,create,1
BugCLI13Test,withDescription,1
BugCLI13Test,assertEquals,2
BugCLI13Test,parse,1
BugCLI13Test,withLongOpt,1
BugCLI265Test,numberOfArgs,1
BugCLI265Test,assertFalse,2
BugCLI265Test,assertEquals,1
BugCLI265Test,parse,3
BugCLI265Test,optionalArg,1
BugCLI265Test,assertNull,1
BugCLI265Test,argName,1
BugCLI265Test,addOption,4
BugCLI265Test,hasOption,7
BugCLI265Test,build,4
BugCLI265Test,assertTrue,5
BugCLI265Test,getOptionValue,3
BugCLI265Test,hasArg,4
BugCLI265Test,builder,4
BugCLI265Test,assertNotEquals,1
BugCLI133Test,addOption,1
BugCLI133Test,hasOption,1
BugCLI133Test,assertFalse,1
BugCLI133Test,parse,1
BugCLI148Test,addOption,2
BugCLI148Test,getOptionValue,2
BugCLI148Test,hasArg,2
BugCLI148Test,create,2
BugCLI148Test,assertEquals,2
BugCLI148Test,parse,2
XhtmlHelpAppendable,headers,2
XhtmlHelpAppendable,appendFormat,15
XhtmlHelpAppendable,isEmpty,1
XhtmlHelpAppendable,escapeHtml4,7
XhtmlHelpAppendable,caption,2
XhtmlHelpAppendable,isNotEmpty,4
XhtmlHelpAppendable,toString,4
XhtmlHelpAppendable,rows,1
XhtmlHelpAppendable,defaultIfEmpty,1
AptHelpAppendable,getAlignment,1
AptHelpAppendable,headers,3
AptHelpAppendable,appendFormat,8
AptHelpAppendable,length,1
AptHelpAppendable,caption,2
AptHelpAppendable,lineSeparator,4
AptHelpAppendable,rows,1
AptHelpAppendable,translate,7
AptHelpAppendable,size,1
AptHelpAppendable,get,2
AptHelpAppendable,repeat,1
AptHelpAppendable,columnTextStyles,1
AptHelpAppendable,isNotEmpty,4
AptHelpAppendable,toString,1
AptHelpAppendable,append,13
WeirdOptionFormat,add,9
WeirdOptionFormat,isRequired,1
WeirdOptionFormat,isDeprecated,1
WeirdOptionFormat,getSince,1
WeirdOptionFormat,getArgName,1
WeirdOptionFormat,getDescription,1
WeirdOptionFormat,asList,1
WeirdOptionFormat,getValue,1
WeirdOptionFormat,getOpt,1
WeirdOptionFormat,getType,1
WeirdOptionFormat,getLongOpt,1
WeirdOptionFormat,hasArg,1
WeirdOptionFormat,toString,1
WeirdOptionFormat,from,1
WeirdOptionFormat,defaultIfEmpty,1
XhtmlHelpAppendableTest,add,30
XhtmlHelpAppendableTest,appendParagraphFormat,1
XhtmlHelpAppendableTest,format,7
XhtmlHelpAppendableTest,assertEquals,10
XhtmlHelpAppendableTest,appendTitle,1
XhtmlHelpAppendableTest,appendHeader,3
XhtmlHelpAppendableTest,asList,10
XhtmlHelpAppendableTest,remove,1
XhtmlHelpAppendableTest,appendList,2
XhtmlHelpAppendableTest,setLength,5
XhtmlHelpAppendableTest,emptyList,1
XhtmlHelpAppendableTest,readLines,3
XhtmlHelpAppendableTest,toString,10
XhtmlHelpAppendableTest,from,3
XhtmlHelpAppendableTest,assertThrows,1
XhtmlHelpAppendableTest,appendTable,3
XhtmlHelpAppendableTest,appendParagraph,1
AptHelpAppendableTest,add,15
AptHelpAppendableTest,appendFormat,1
AptHelpAppendableTest,appendParagraphFormat,1
AptHelpAppendableTest,format,8
AptHelpAppendableTest,assertEquals,11
AptHelpAppendableTest,appendTitle,1
AptHelpAppendableTest,appendHeader,3
AptHelpAppendableTest,asList,10
AptHelpAppendableTest,remove,1
AptHelpAppendableTest,appendList,2
AptHelpAppendableTest,setLength,6
AptHelpAppendableTest,emptyList,1
AptHelpAppendableTest,readLines,3
AptHelpAppendableTest,toString,11
AptHelpAppendableTest,from,3
AptHelpAppendableTest,assertThrows,1
AptHelpAppendableTest,appendTable,3
AptHelpAppendableTest,appendParagraph,1
TextHelpAppendableTest,setAlignment,6
TextHelpAppendableTest,adjustTableFormat,2
TextHelpAppendableTest,setLeftPad,6
TextHelpAppendableTest,appendParagraphFormat,2
TextHelpAppendableTest,setMinWidth,1
TextHelpAppendableTest,getLeftPad,2
TextHelpAppendableTest,appendHeader,8
TextHelpAppendableTest,asList,16
TextHelpAppendableTest,remove,2
TextHelpAppendableTest,getMaxWidth,4
TextHelpAppendableTest,getMinWidth,2
TextHelpAppendableTest,emptyList,2
TextHelpAppendableTest,getTextStyleBuilder,1
TextHelpAppendableTest,get,17
TextHelpAppendableTest,setIndent,9
TextHelpAppendableTest,builder,8
TextHelpAppendableTest,readLines,21
TextHelpAppendableTest,from,5
TextHelpAppendableTest,assertThrows,2
TextHelpAppendableTest,indexOfWrap,9
TextHelpAppendableTest,writeColumnQueues,1
TextHelpAppendableTest,appendParagraph,3
TextHelpAppendableTest,add,81
TextHelpAppendableTest,getIndent,6
TextHelpAppendableTest,valueOf,1
TextHelpAppendableTest,singletonList,8
TextHelpAppendableTest,clear,9
TextHelpAppendableTest,length,10
TextHelpAppendableTest,format,3
TextHelpAppendableTest,printWrapped,5
TextHelpAppendableTest,assertEquals,57
TextHelpAppendableTest,setMaxWidth,9
TextHelpAppendableTest,appendTitle,3
TextHelpAppendableTest,appendList,4
TextHelpAppendableTest,setLength,29
TextHelpAppendableTest,columnTextStyles,4
TextHelpAppendableTest,resize,2
TextHelpAppendableTest,toString,23
TextHelpAppendableTest,appendTable,3
TextHelpAppendableTest,makeColumnQueue,4
TextHelpAppendableTest,append,2
TextStyleTests,add,12
TextStyleTests,getAlignment,1
TextStyleTests,setAlignment,12
TextStyleTests,setLeftPad,1
TextStyleTests,setMinWidth,1
TextStyleTests,assertEquals,6
TextStyleTests,setMaxWidth,4
TextStyleTests,getLeftPad,1
TextStyleTests,getMaxWidth,1
TextStyleTests,isScalable,1
TextStyleTests,getMinWidth,1
TextStyleTests,pad,2
TextStyleTests,stream,1
TextStyleTests,assertTrue,1
TextStyleTests,of,12
TextStyleTests,get,12
TextStyleTests,builder,1
TextStyleTests,setIndent,1
TextStyleTests,setScalable,1
UtilTest,add,2
UtilTest,valueOf,2
UtilTest,ltrim,1
UtilTest,assertFalse,1
UtilTest,format,7
UtilTest,isEmpty,3
UtilTest,rtrim,2
UtilTest,assertEquals,6
UtilTest,stream,1
UtilTest,assertTrue,2
UtilTest,of,2
UtilTest,indexOfNonWhitespace,4
UtilTest,assertNotEquals,1
OptionFormatterTest,setArgumentNameDelimiters,4
OptionFormatterTest,setForRemoval,6
OptionFormatterTest,setLongOptPrefix,4
OptionFormatterTest,deprecated,5
OptionFormatterTest,setSince,4
OptionFormatterTest,setDescription,2
OptionFormatterTest,getDescription,11
OptionFormatterTest,required,5
OptionFormatterTest,getBothOpt,8
OptionFormatterTest,setDeprecatedFormatFunction,3
OptionFormatterTest,argName,6
OptionFormatterTest,stream,1
OptionFormatterTest,setDefaultArgName,4
OptionFormatterTest,of,8
OptionFormatterTest,get,9
OptionFormatterTest,builder,50
OptionFormatterTest,hasArg,21
OptionFormatterTest,from,17
OptionFormatterTest,longOpt,23
OptionFormatterTest,setOptPrefix,1
OptionFormatterTest,add,8
OptionFormatterTest,toOptional,6
OptionFormatterTest,apply,2
OptionFormatterTest,setSyntaxFormatFunction,3
OptionFormatterTest,setOptSeparator,4
OptionFormatterTest,getArgName,8
OptionFormatterTest,assertEquals,56
OptionFormatterTest,toSyntaxOption,23
OptionFormatterTest,setOptionalDelimiters,2
OptionFormatterTest,assertEquivalent,2
OptionFormatterTest,getOpt,2
OptionFormatterTest,build,55
OptionFormatterTest,getLongOpt,5
OptionFormatterTest,setOptArgSeparator,3
OptionFormatterTest,option,20
OptionFormatterTest,desc,4
HelpFormatterTest,setRequired,2
HelpFormatterTest,getOption,4
HelpFormatterTest,required,15
HelpFormatterTest,getSerializer,1
HelpFormatterTest,argName,25
HelpFormatterTest,readLines,11
HelpFormatterTest,setOptionGroupSeparator,1
HelpFormatterTest,add,63
HelpFormatterTest,setOptionFormatBuilder,1
HelpFormatterTest,getComparator,1
HelpFormatterTest,setMaxWidth,1
HelpFormatterTest,sort,6
HelpFormatterTest,setLength,9
HelpFormatterTest,contains,1
HelpFormatterTest,size,3
HelpFormatterTest,setHelpAppendable,7
HelpFormatterTest,getOptions,1
HelpFormatterTest,setSyntaxPrefix,1
HelpFormatterTest,desc,13
HelpFormatterTest,since,1
HelpFormatterTest,option,25
HelpFormatterTest,setLeftPad,1
HelpFormatterTest,remove,4
HelpFormatterTest,toSyntaxOptions,9
HelpFormatterTest,printHelp,10
HelpFormatterTest,emptyList,1
HelpFormatterTest,setComparator,1
HelpFormatterTest,assertTrue,1
HelpFormatterTest,get,26
HelpFormatterTest,hasArg,38
HelpFormatterTest,builder,67
HelpFormatterTest,getTestGroups,2
HelpFormatterTest,setShowSince,2
HelpFormatterTest,assertThrows,2
HelpFormatterTest,longOpt,42
HelpFormatterTest,setOptPrefix,1
HelpFormatterTest,set,3
HelpFormatterTest,length,4
HelpFormatterTest,assertEquals,37
HelpFormatterTest,getSyntaxPrefix,2
HelpFormatterTest,printOptions,3
HelpFormatterTest,getOptionFormatter,1
HelpFormatterTest,addOption,45
HelpFormatterTest,toArgName,3
HelpFormatterTest,build,51
HelpFormatterTest,getOpt,1
HelpFormatterTest,toString,11
HelpFormatterTest,addOptionGroup,5
HelpFormatterTest,reversed,1
ConverterTests,add,9
ConverterTests,getClass,17
ConverterTests,getResource,1
ConverterTests,getName,6
ConverterTests,apply,20
ConverterTests,valueOf,6
ConverterTests,format,1
ConverterTests,length,1
ConverterTests,getCanonicalName,4
ConverterTests,assertEquals,3
ConverterTests,getClassLoader,1
ConverterTests,substring,1
ConverterTests,stream,1
ConverterTests,assertNotNull,8
ConverterTests,of,9
ConverterTests,getSimpleName,4
ConverterTests,toString,1
ConverterTests,assertThrows,9
ConverterTests,getTypeName,4
TestOption,processValue,1
AbstractParserTestCase,getOptionProperties,1
AbstractParserTestCase,setRequired,1
AbstractParserTestCase,assertFalse,23
AbstractParserTestCase,numberOfArgs,2
AbstractParserTestCase,getOption,13
AbstractParserTestCase,asList,1
AbstractParserTestCase,put,2
AbstractParserTestCase,assertArrayEquals,9
AbstractParserTestCase,withValueSeparator,3
AbstractParserTestCase,hasOption,81
AbstractParserTestCase,assertTrue,69
AbstractParserTestCase,assertNotNull,7
AbstractParserTestCase,hasArgs,4
AbstractParserTestCase,get,16
AbstractParserTestCase,getOptionValues,12
AbstractParserTestCase,builder,4
AbstractParserTestCase,hasArg,13
AbstractParserTestCase,isSelected,3
AbstractParserTestCase,create,55
AbstractParserTestCase,getMatchingOptions,8
AbstractParserTestCase,assertThrows,18
AbstractParserTestCase,withLongOpt,36
AbstractParserTestCase,longOpt,2
AbstractParserTestCase,isRequired,8
AbstractParserTestCase,getMissingOptions,5
AbstractParserTestCase,getProperty,2
AbstractParserTestCase,isEmpty,3
AbstractParserTestCase,getMessage,2
AbstractParserTestCase,assertEquals,87
AbstractParserTestCase,parse,85
AbstractParserTestCase,hasOptionalArg,7
AbstractParserTestCase,optionalArg,4
AbstractParserTestCase,getArgs,6
AbstractParserTestCase,getSelected,2
AbstractParserTestCase,contains,4
AbstractParserTestCase,assertNull,2
AbstractParserTestCase,addOption,73
AbstractParserTestCase,size,41
AbstractParserTestCase,build,4
AbstractParserTestCase,getOpt,3
AbstractParserTestCase,getOptionValue,31
AbstractParserTestCase,setProperty,18
AbstractParserTestCase,addOptionGroup,5
AbstractParserTestCase,option,2
AbstractParserTestCase,getArgList,48
AbstractParserTestCase,hasOptionalArgs,5
UtilTest,assertNull,2
UtilTest,stripLeadingHyphens,4
UtilTest,assertEquals,9
UtilTest,stripLeadingAndTrailingQuotes,7
ValueTest,getOption,33
ValueTest,assertEquals,51
ValueTest,parse,18
ValueTest,hasOptionalArg,2
ValueTest,getArgs,14
ValueTest,assertNull,24
ValueTest,addOption,11
ValueTest,hasOption,25
ValueTest,build,1
ValueTest,assertTrue,25
ValueTest,assertNotNull,4
ValueTest,of,1
ValueTest,getOptionValue,29
ValueTest,getOptionValues,36
ValueTest,valueSeparator,1
ValueTest,hasArg,1
ValueTest,builder,1
ValueTest,create,6
ValueTest,withLongOpt,3
ValueTest,hasOptionalArgs,4
ValueTest,option,1
ValuesTest,withDescription,7
ValuesTest,assertEquals,4
ValuesTest,parse,1
ValuesTest,getArgs,1
ValuesTest,assertArrayEquals,10
ValuesTest,withValueSeparator,3
ValuesTest,assertNull,2
ValuesTest,addOption,12
ValuesTest,hasOption,14
ValuesTest,assertTrue,14
ValuesTest,hasArgs,5
ValuesTest,getOptionValues,13
ValuesTest,getOptionValue,2
ValuesTest,hasArg,1
ValuesTest,create,7
ValuesTest,withLongOpt,7
ArgumentIsOptionTest,addOption,2
ArgumentIsOptionTest,hasOption,6
ArgumentIsOptionTest,assertTrue,4
ArgumentIsOptionTest,assertFalse,2
ArgumentIsOptionTest,getOptionValue,2
ArgumentIsOptionTest,assertEquals,5
ArgumentIsOptionTest,parse,3
ArgumentIsOptionTest,getArgs,3
PosixParserTest,setUp,1
CommandLineTest,getClass,2
CommandLineTest,deprecated,5
CommandLineTest,converter,1
CommandLineTest,type,6
CommandLineTest,getCause,2
CommandLineTest,setOut,6
CommandLineTest,checkHandler,88
CommandLineTest,assertArrayEquals,26
CommandLineTest,trim,1
CommandLineTest,hasOption,20
CommandLineTest,setDeprecatedHandler,6
CommandLineTest,hasArgs,2
CommandLineTest,assertNotNull,4
CommandLineTest,toUpperCase,1
CommandLineTest,assertWritten,44
CommandLineTest,add,80
CommandLineTest,getArgs,4
CommandLineTest,size,4
CommandLineTest,getOptionValue,58
CommandLineTest,reset,1
CommandLineTest,getOptions,10
CommandLineTest,option,11
CommandLineTest,getArgList,3
CommandLineTest,addArg,8
CommandLineTest,getOptionProperties,4
CommandLineTest,numberOfArgs,6
CommandLineTest,assertFalse,5
CommandLineTest,getParsedOptionValue,28
CommandLineTest,getParsedOptionValues,24
CommandLineTest,asChar,17
CommandLineTest,flush,1
CommandLineTest,stream,5
CommandLineTest,of,80
CommandLineTest,get,13
CommandLineTest,getOptionValues,8
CommandLineTest,builder,46
CommandLineTest,hasArg,16
CommandLineTest,assertThrows,2
CommandLineTest,longOpt,24
CommandLineTest,getProperty,10
CommandLineTest,valueOf,2
CommandLineTest,clear,1
CommandLineTest,assertEquals,117
CommandLineTest,parse,12
CommandLineTest,optionalArg,12
CommandLineTest,assertNull,22
CommandLineTest,addOption,44
CommandLineTest,build,37
CommandLineTest,getOpt,21
CommandLineTest,getLongOpt,17
CommandLineTest,valueSeparator,4
CommandLineTest,toString,2
CommandLineTest,addOptionGroup,8
CommandLineTest,charAt,1
ApplicationTest,withArgName,7
ApplicationTest,withDescription,18
ApplicationTest,assertEquals,13
ApplicationTest,parse,4
ApplicationTest,hasOptionalArg,3
ApplicationTest,lineSeparator,1
ApplicationTest,printHelp,1
ApplicationTest,withValueSeparator,6
ApplicationTest,addOption,62
ApplicationTest,hasOption,4
ApplicationTest,assertTrue,4
ApplicationTest,hasArgs,1
ApplicationTest,getOptionValues,1
ApplicationTest,getOptionValue,8
ApplicationTest,hasArg,14
ApplicationTest,create,18
ApplicationTest,toString,1
ApplicationTest,withLongOpt,12
DisablePartialMatchingTest,addOption,6
DisablePartialMatchingTest,hasOption,6
DisablePartialMatchingTest,assertTrue,5
DisablePartialMatchingTest,assertFalse,1
DisablePartialMatchingTest,parse,2
ExternalArgumentsProvider,setStripLeadingAndTrailingQuotes,8
ExternalArgumentsProvider,of,13
ExternalArgumentsProvider,get,12
ExternalArgumentsProvider,builder,12
SolrCreateToolTest,getClass,1
SolrCreateToolTest,getName,1
SolrCreateToolTest,forEach,1
SolrCreateToolTest,assertFalse,1
SolrCreateToolTest,getDescPadding,1
SolrCreateToolTest,getWidth,1
SolrCreateToolTest,asList,1
SolrCreateToolTest,required,5
SolrCreateToolTest,printHelp,3
SolrCreateToolTest,contains,3
SolrCreateToolTest,argName,5
SolrCreateToolTest,getLeftPadding,1
SolrCreateToolTest,flush,1
SolrCreateToolTest,setShowDeprecated,1
SolrCreateToolTest,build,5
SolrCreateToolTest,assertTrue,2
SolrCreateToolTest,get,1
SolrCreateToolTest,hasArg,5
SolrCreateToolTest,builder,6
SolrCreateToolTest,toString,1
SolrCreateToolTest,getOptions,1
SolrCreateToolTest,longOpt,5
SolrCreateToolTest,desc,5
BasicParserTest,setUp,1
AlreadySelectedExceptionTest,getOptionGroup,1
AlreadySelectedExceptionTest,assertNull,1
AlreadySelectedExceptionTest,assertNotNull,1
AlreadySelectedExceptionTest,getMessage,2
AlreadySelectedExceptionTest,assertEquals,3
AlreadySelectedExceptionTest,getOption,2
DefaultParserTest,getClass,2
DefaultParserTest,setForRemoval,1
DefaultParserTest,setAllowPartialMatching,1
DefaultParserTest,deprecated,2
DefaultParserTest,assertFalse,1
DefaultParserTest,setSince,1
DefaultParserTest,assertEquals,3
DefaultParserTest,setDescription,1
DefaultParserTest,parse,2
DefaultParserTest,setStripLeadingAndTrailingQuotes,1
DefaultParserTest,contains,3
DefaultParserTest,addOption,3
DefaultParserTest,hasOption,3
DefaultParserTest,setDeprecatedHandler,2
DefaultParserTest,build,5
DefaultParserTest,assertTrue,5
DefaultParserTest,getOpt,3
DefaultParserTest,get,2
DefaultParserTest,getOptionValue,1
DefaultParserTest,builder,6
DefaultParserTest,setUp,1
DefaultParserTest,option,3
OptionGroupTest,assertFalse,28
OptionGroupTest,isEmpty,6
OptionGroupTest,assertEquals,8
OptionGroupTest,getOption,2
OptionGroupTest,getNames,4
OptionGroupTest,parse,12
OptionGroupTest,put,1
OptionGroupTest,getOptionGroup,6
OptionGroupTest,getSelected,2
OptionGroupTest,contains,2
OptionGroupTest,addOption,13
OptionGroupTest,size,2
OptionGroupTest,hasOption,39
OptionGroupTest,assertTrue,22
OptionGroupTest,getOpt,2
OptionGroupTest,assertNotNull,3
OptionGroupTest,equals,2
OptionGroupTest,isSelected,3
OptionGroupTest,create,2
OptionGroupTest,toString,4
OptionGroupTest,assertThrows,2
OptionGroupTest,addOptionGroup,3
OptionGroupTest,getArgList,7
PatternOptionBuilderTest,getClass,2
PatternOptionBuilderTest,getMissingOptions,2
PatternOptionBuilderTest,valueOf,4
PatternOptionBuilderTest,parsePattern,10
PatternOptionBuilderTest,assertFalse,2
PatternOptionBuilderTest,isEmpty,1
PatternOptionBuilderTest,format,1
PatternOptionBuilderTest,assertInstanceOf,1
PatternOptionBuilderTest,assertEquals,23
PatternOptionBuilderTest,parse,9
PatternOptionBuilderTest,contains,1
PatternOptionBuilderTest,assertNull,9
PatternOptionBuilderTest,size,1
PatternOptionBuilderTest,hasOption,7
PatternOptionBuilderTest,assertTrue,7
PatternOptionBuilderTest,assertNotNull,1
PatternOptionBuilderTest,getOptionValue,2
PatternOptionBuilderTest,getOptions,1
PatternOptionBuilderTest,assertThrows,2
PatternOptionBuilderTest,getOptionObject,31
OptionValidatorTest,add,11
OptionValidatorTest,deleteCharAt,2
OptionValidatorTest,toCharArray,5
OptionValidatorTest,assertFalse,2
OptionValidatorTest,format,10
OptionValidatorTest,assertEquals,1
OptionValidatorTest,stream,1
OptionValidatorTest,of,11
OptionValidatorTest,isJavaIdentifierPart,3
OptionValidatorTest,toString,8
OptionValidatorTest,assertThrows,1
OptionValidatorTest,indexOf,2
OptionValidatorTest,append,6
OptionValidatorTest,validate,2
OptionsTest,setForRemoval,1
OptionsTest,deprecated,3
OptionsTest,assertFalse,1
OptionsTest,setSince,1
OptionsTest,getOption,17
OptionsTest,setDescription,1
OptionsTest,type,4
OptionsTest,getOptionGroups,6
OptionsTest,getDescription,2
OptionsTest,asList,1
OptionsTest,assertArrayEquals,1
OptionsTest,hasOption,4
OptionsTest,assertTrue,14
OptionsTest,assertNotNull,4
OptionsTest,hasArgs,1
OptionsTest,get,1
OptionsTest,builder,28
OptionsTest,toArray,2
OptionsTest,create,15
OptionsTest,assertToStrings,9
OptionsTest,getMatchingOptions,3
OptionsTest,assertThrows,4
OptionsTest,withLongOpt,6
OptionsTest,longOpt,1
OptionsTest,helpOptions,1
OptionsTest,add,6
OptionsTest,isRequired,3
OptionsTest,containsAll,4
OptionsTest,toLowerCase,2
OptionsTest,isEmpty,1
OptionsTest,getMessage,2
OptionsTest,assertEquals,11
OptionsTest,parse,2
OptionsTest,toDeprecatedString,4
OptionsTest,contains,2
OptionsTest,addOption,52
OptionsTest,size,8
OptionsTest,build,27
OptionsTest,addAll,1
OptionsTest,toString,5
OptionsTest,getOptions,6
OptionsTest,addOptionGroup,8
OptionsTest,addOptions,5
OptionsTest,option,4
OptionsTest,startsWith,4
DefaultOption,getValue,2
TypeHandlerTest,ofEpochSecond,2
TypeHandlerTest,getClass,1
TypeHandlerTest,getName,5
TypeHandlerTest,openFile,1
TypeHandlerTest,consume,1
TypeHandlerTest,isAssignableFrom,1
TypeHandlerTest,createFile,1
TypeHandlerTest,put,1
TypeHandlerTest,remove,1
TypeHandlerTest,stream,1
TypeHandlerTest,assertTrue,1
TypeHandlerTest,assertNotNull,1
TypeHandlerTest,of,51
TypeHandlerTest,get,1
TypeHandlerTest,createValue,5
TypeHandlerTest,from,3
TypeHandlerTest,createClass,1
TypeHandlerTest,getAbsoluteFile,1
TypeHandlerTest,assertThrows,3
TypeHandlerTest,createDate,1
TypeHandlerTest,add,50
TypeHandlerTest,toURL,1
TypeHandlerTest,valueOf,2
TypeHandlerTest,toUri,1
TypeHandlerTest,format,1
TypeHandlerTest,createNumber,2
TypeHandlerTest,toAbsolutePath,1
TypeHandlerTest,assertEquals,12
TypeHandlerTest,createObject,1
TypeHandlerTest,toPath,1
TypeHandlerTest,createFiles,1
TypeHandlerTest,createDefaultMap,1
TypeHandlerTest,createURL,1
TypeHandlerTest,toString,7
TypeHandlerTest,getConverter,3
TypeHandlerTest,toChars,1
OptionBuilderTest,isRequired,5
OptionBuilderTest,assertFalse,4
OptionBuilderTest,withDescription,10
OptionBuilderTest,assertEquals,19
OptionBuilderTest,getDescription,7
OptionBuilderTest,withType,2
OptionBuilderTest,getArgs,1
OptionBuilderTest,assertNull,2
OptionBuilderTest,getOpt,7
OptionBuilderTest,getType,3
OptionBuilderTest,assertTrue,7
OptionBuilderTest,hasArgs,6
OptionBuilderTest,getLongOpt,3
OptionBuilderTest,hasArg,8
OptionBuilderTest,create,16
OptionBuilderTest,assertThrows,6
OptionBuilderTest,withLongOpt,3
HelpFormatterTest,setRequired,2
HelpFormatterTest,setForRemoval,2
HelpFormatterTest,setLongOptPrefix,1
HelpFormatterTest,getOptPrefix,1
HelpFormatterTest,deprecated,2
HelpFormatterTest,when,2
HelpFormatterTest,required,1
HelpFormatterTest,assertArrayEquals,2
HelpFormatterTest,split,2
HelpFormatterTest,getLeftPadding,1
HelpFormatterTest,trim,3
HelpFormatterTest,argName,2
HelpFormatterTest,compareToIgnoreCase,1
HelpFormatterTest,thenThrow,2
HelpFormatterTest,add,8
HelpFormatterTest,getKey,2
HelpFormatterTest,appendWrappedText,1
HelpFormatterTest,createPadding,8
HelpFormatterTest,appendOptions,1
HelpFormatterTest,format,2
HelpFormatterTest,getArgName,1
HelpFormatterTest,getDescPadding,1
HelpFormatterTest,setPrintWriter,6
HelpFormatterTest,setLength,4
HelpFormatterTest,reset,2
HelpFormatterTest,setOptionComparator,2
HelpFormatterTest,getNewLine,1
HelpFormatterTest,spy,2
HelpFormatterTest,setSyntaxPrefix,1
HelpFormatterTest,desc,14
HelpFormatterTest,getLongOptPrefix,1
HelpFormatterTest,since,2
HelpFormatterTest,renderOptions,8
HelpFormatterTest,setNewLine,1
HelpFormatterTest,setSince,2
HelpFormatterTest,setDescription,2
HelpFormatterTest,getWidth,1
HelpFormatterTest,lineSeparator,3
HelpFormatterTest,getDescription,2
HelpFormatterTest,printUsage,10
HelpFormatterTest,printHelp,19
HelpFormatterTest,setShowDeprecated,6
HelpFormatterTest,flush,4
HelpFormatterTest,stream,1
HelpFormatterTest,get,18
HelpFormatterTest,of,8
HelpFormatterTest,builder,35
HelpFormatterTest,hasArg,10
HelpFormatterTest,renderWrappedText,7
HelpFormatterTest,assertThrows,7
HelpFormatterTest,setShowSince,2
HelpFormatterTest,getDeprecated,2
HelpFormatterTest,findWrapPos,7
HelpFormatterTest,longOpt,15
HelpFormatterTest,setOptPrefix,1
HelpFormatterTest,length,3
HelpFormatterTest,rtrim,3
HelpFormatterTest,assertEquals,54
HelpFormatterTest,getSyntaxPrefix,1
HelpFormatterTest,setArgName,3
HelpFormatterTest,setWidth,1
HelpFormatterTest,setLeftPadding,1
HelpFormatterTest,getLongOptSeparator,2
HelpFormatterTest,assertNull,1
HelpFormatterTest,addOption,49
HelpFormatterTest,build,22
HelpFormatterTest,setDescPadding,1
HelpFormatterTest,setLongOptSeparator,2
HelpFormatterTest,valueSeparator,5
HelpFormatterTest,toString,38
HelpFormatterTest,addOptionGroup,2
HelpFormatterTest,append,4
ParseExceptionTest,getMessage,1
ParseExceptionTest,assertEquals,4
ParseExceptionTest,getCause,2
ParseExceptionTest,wrap,2
SolrCliTest,assertNotNull,11
SolrCliTest,toLowerCase,1
SolrCliTest,format,1
SolrCliTest,getDefaultSolrUrl,1
GnuParserTest,setUp,1
OptionTest,acceptsArg,1
OptionTest,getClass,1
OptionTest,setForRemoval,2
OptionTest,deprecated,5
OptionTest,processValue,2
OptionTest,type,9
OptionTest,required,2
OptionTest,argName,1
OptionTest,hasArgs,5
OptionTest,setArgs,7
OptionTest,assertNotEquals,7
OptionTest,addValue,4
OptionTest,isRequired,1
OptionTest,writeObject,1
OptionTest,getSince,1
OptionTest,getArgName,1
OptionTest,getArgs,2
OptionTest,readObject,1
OptionTest,size,4
OptionTest,getType,5
OptionTest,setConverter,1
OptionTest,hasArgName,3
OptionTest,desc,23
OptionTest,option,11
OptionTest,clearValues,1
OptionTest,isForRemoval,1
OptionTest,getValuesList,4
OptionTest,numberOfArgs,1
OptionTest,assertFalse,5
OptionTest,setSince,1
OptionTest,setDescription,4
OptionTest,getDescription,3
OptionTest,getValueSeparator,1
OptionTest,assertTrue,3
OptionTest,hashCode,6
OptionTest,get,4
OptionTest,hasArg,4
OptionTest,builder,42
OptionTest,checkOption,21
OptionTest,assertThrows,12
OptionTest,getDeprecated,3
OptionTest,longOpt,3
OptionTest,roundTrip,3
OptionTest,getValues,1
OptionTest,assertEquals,40
OptionTest,hasOptionalArg,1
OptionTest,optionalArg,2
OptionTest,setArgName,3
OptionTest,setType,2
OptionTest,getValue,6
OptionTest,assertNull,1
OptionTest,getOpt,1
OptionTest,build,32
OptionTest,getLongOpt,1
OptionTest,toByteArray,1
OptionTest,assertNotSame,1
OptionTest,valueSeparator,1
OptionTest,clone,2
OptionTest,getConverter,5
UnrecognizedOptionExceptionTest,getMessage,2
UnrecognizedOptionExceptionTest,assertEquals,3
UnrecognizedOptionExceptionTest,getOption,1
DeprecatedAttributesTest,isForRemoval,3
DeprecatedAttributesTest,setForRemoval,3
DeprecatedAttributesTest,get,6
DeprecatedAttributesTest,getSince,3
DeprecatedAttributesTest,builder,6
DeprecatedAttributesTest,setSince,3
DeprecatedAttributesTest,assertEquals,11
DeprecatedAttributesTest,toString,5
DeprecatedAttributesTest,setDescription,5
DeprecatedAttributesTest,getDescription,3
