类名,注释率,注释行数,总行数
FilterHelpAppendable,25.71,9,35
BugCLI266Test,8.42,8,95
AmbiguousOptionException,40.00,22,55
BugCLI312Test,0.00,0,76
TestOption,0.00,0,13
Builder,53.98,156,289
PosixParser,43.46,93,214
AlreadySelectedException,48.33,29,60
GnuParser,35.71,25,70
UtilTest,0.00,0,21
Util,41.79,28,67
HelpFormatter,48.78,499,1023
TextStyle,45.80,169,369
OptionBuilder,50.32,157,312
PosixParserTest,0.00,0,69
Converter,61.82,34,55
TableDefinition,47.76,32,67
DisablePartialMatchingTest,0.00,0,35
TypeHandler,58.02,141,243
BugCLI265Test,0.00,0,51
BugCLI133Test,8.33,1,12
ExternalArgumentsProvider,7.14,8,112
MissingOptionException,42.37,25,59
NotInstantiable,0.00,0,5
DefaultParserTest,8.60,16,186
OptionGroupTest,0.55,1,183
PatternOptionBuilderTest,8.40,11,131
OptionValidatorTest,9.33,14,150
MissingArgumentException,53.85,21,39
BugCLI18Test,0.00,0,16
XhtmlHelpAppendable,10.81,8,74
OptionsTest,1.98,5,252
OptionFormatter,45.88,206,449
Parser,43.51,134,308
ParseExceptionTest,0.00,0,12
BasicParser,62.50,20,32
Instantiable,0.00,0,12
GnuParserTest,0.71,1,141
AptHelpAppendable,11.21,13,116
Option,51.43,504,980
BugCLI148Test,3.45,1,29
Options,53.80,163,303
BugCLI325Test,10.53,2,19
ConverterTests,7.78,7,90
TextHelpAppendableTest,1.36,6,441
OptionValidator,62.07,72,116
PatternOptionBuilder,32.12,53,165
BugCLI71Test,1.79,1,56
OptionComparator,52.63,10,19
AbstractParserTestCase,0.73,6,825
AbstractHelpFormatter,52.33,236,451
OptionFormatterTest,0.74,2,272
ValueTest,0.35,1,288
UnrecognizedOptionException,53.66,22,41
XhtmlHelpAppendableTest,1.82,2,110
HelpAppendable,75.58,65,86
OptionGroup,45.27,67,148
ValuesTest,17.69,23,130
Char,29.17,7,24
TextHelpAppendable,36.53,156,427
ArgumentIsOptionTest,2.27,1,44
BugsTest,7.97,24,301
CommandLineTest,14.45,142,983
ApplicationTest,12.37,37,299
BugCLI252Test,0.00,0,22
CommandLineParser,86.67,52,60
BugCLI13Test,12.00,3,25
WeirdOptionFormat,0.00,0,36
SolrCreateToolTest,2.60,2,77
DefaultParser,44.72,339,758
BasicParserTest,0.58,1,171
AlreadySelectedExceptionTest,0.00,0,13
BugCLI162Test,9.35,33,353
DefaultOption,0.00,0,15
TypeHandlerTest,6.13,13,212
AClassWithoutADefaultConstructor,0.00,0,4
OptionBuilderTest,12.90,16,124
DeprecatedAttributes,46.01,75,163
AptHelpAppendableTest,1.94,2,103
HelpFormatterTest,6.48,49,756
SolrCliTest,12.69,17,134
CommandLine,58.47,566,968
TextStyleTests,5.41,4,74
OptionTest,2.56,8,312
UnrecognizedOptionExceptionTest,0.00,0,9
ParseException,52.08,25,48
DeprecatedAttributesTest,7.69,4,52
