类名,方法名,行数,参数个数,类中方法数量
AlreadySelectedException,getOption,3,0,1
AlreadySelectedException,getOptionGroup,3,0,2
AmbiguousOptionException,createMessage,18,2,1
AmbiguousOptionException,getMatchingOptions,3,0,2
BasicParser,flatten,6,3,1
CommandLine,builder,3,0,1
CommandLine,addArg,5,1,2
CommandLine,addOption,5,1,3
CommandLine,get,3,1,4
CommandLine,getArgList,3,0,5
CommandLine,getArgs,3,0,6
CommandLine,getOptionObject,4,1,7
CommandLine,getOptionObject,9,1,8
CommandLine,getOptionProperties,9,1,9
CommandLine,getOptionProperties,9,1,10
CommandLine,getOptions,3,0,11
CommandLine,getOptionValue,3,1,12
CommandLine,getOptionValue,3,2,13
CommandLine,getOptionValue,3,2,14
CommandLine,getOptionValue,4,1,15
CommandLine,getOptionValue,3,2,16
CommandLine,getOptionValue,4,2,17
CommandLine,getOptionValue,4,1,18
CommandLine,getOptionValue,3,2,19
CommandLine,getOptionValue,4,2,20
CommandLine,getOptionValue,3,1,21
CommandLine,getOptionValue,3,2,22
CommandLine,getOptionValue,3,2,23
CommandLine,getOptionValues,3,1,24
CommandLine,getOptionValues,15,1,25
CommandLine,getOptionValues,6,1,26
CommandLine,getOptionValues,3,1,27
CommandLine,getParsedOptionValue,3,1,28
CommandLine,getParsedOptionValue,3,2,29
CommandLine,getParsedOptionValue,3,2,30
CommandLine,getParsedOptionValue,3,1,31
CommandLine,getParsedOptionValue,15,2,32
CommandLine,getParsedOptionValue,3,2,33
CommandLine,getParsedOptionValue,3,1,34
CommandLine,getParsedOptionValue,6,2,35
CommandLine,getParsedOptionValue,3,2,36
CommandLine,getParsedOptionValue,3,1,37
CommandLine,getParsedOptionValue,3,2,38
CommandLine,getParsedOptionValue,3,2,39
CommandLine,getParsedOptionValues,3,1,40
CommandLine,getParsedOptionValues,3,2,41
CommandLine,getParsedOptionValues,3,2,42
CommandLine,getParsedOptionValues,3,1,43
CommandLine,getParsedOptionValues,20,2,44
CommandLine,getParsedOptionValues,3,2,45
CommandLine,getParsedOptionValues,3,1,46
CommandLine,getParsedOptionValues,6,2,47
CommandLine,getParsedOptionValues,3,2,48
CommandLine,getParsedOptionValues,3,1,49
CommandLine,getParsedOptionValues,3,2,50
CommandLine,getParsedOptionValues,3,2,51
CommandLine,handleDeprecated,5,1,52
CommandLine,hasOption,3,1,53
CommandLine,hasOption,7,1,54
CommandLine,hasOption,6,1,55
CommandLine,hasOption,3,1,56
CommandLine,iterator,3,0,57
CommandLine,processPropertiesFromValues,9,2,58
CommandLine,resolveOption,11,1,59
Builder,addArg,6,1,1
Builder,addOption,6,1,2
Builder,build,4,0,3
Builder,get,4,0,4
Builder,setDeprecatedHandler,4,1,5
CommandLineParser,parse,1,2,1
CommandLineParser,parse,1,3,2
Converter,apply,1,1,1
DefaultParser,builder,3,0,1
DefaultParser,indexOfEqual,3,1,2
DefaultParser,checkRequiredArgs,8,0,3
DefaultParser,checkRequiredOptions,6,0,4
DefaultParser,getLongPrefix,13,1,5
DefaultParser,getMatchingLongOptions,10,1,6
DefaultParser,handleConcatenatedOptions,15,1,7
DefaultParser,handleLongOption,7,1,8
DefaultParser,handleLongOptionWithEqual,21,1,9
DefaultParser,handleLongOptionWithoutEqual,11,1,10
DefaultParser,handleOption,8,1,11
DefaultParser,handleProperties,30,1,12
DefaultParser,handleShortAndLongOption,62,1,13
DefaultParser,handleToken,21,1,14
DefaultParser,handleUnknownToken,9,1,15
DefaultParser,isArgument,3,1,16
DefaultParser,isJavaProperty,5,1,17
DefaultParser,isLongOption,16,1,18
DefaultParser,isNegativeNumber,8,1,19
DefaultParser,isOption,3,1,20
DefaultParser,isShortOption,14,1,21
DefaultParser,parse,4,2,22
DefaultParser,parse,4,3,23
DefaultParser,parse,3,3,24
DefaultParser,parse,24,4,25
DefaultParser,stripLeadingAndTrailingQuotesDefaultOff,6,1,26
DefaultParser,stripLeadingAndTrailingQuotesDefaultOn,6,1,27
DefaultParser,updateRequiredOptions,16,1,28
Builder,build,4,0,6
Builder,get,4,0,7
Builder,setAllowPartialMatching,4,1,8
Builder,setDeprecatedHandler,4,1,9
Builder,setStripLeadingAndTrailingQuotes,4,1,10
DeprecatedAttributes,builder,3,0,1
DeprecatedAttributes,getDescription,3,0,2
DeprecatedAttributes,getSince,3,0,3
DeprecatedAttributes,isForRemoval,3,0,4
DeprecatedAttributes,toEmpty,3,1,5
DeprecatedAttributes,toString,16,0,6
Builder,get,4,0,11
Builder,setDescription,4,1,12
Builder,setForRemoval,4,1,13
Builder,setSince,4,1,14
GnuParser,flatten,45,3,1
AbstractHelpFormatter,getComparator,3,0,1
AbstractHelpFormatter,getHelpAppendable,3,0,2
AbstractHelpFormatter,getOptionFormatBuilder,3,0,3
AbstractHelpFormatter,getOptionFormatter,3,1,4
AbstractHelpFormatter,getOptionGroupSeparator,3,0,5
AbstractHelpFormatter,getSerializer,3,0,6
AbstractHelpFormatter,getSyntaxPrefix,3,0,7
AbstractHelpFormatter,getTableDefinition,1,1,8
AbstractHelpFormatter,printHelp,18,5,9
AbstractHelpFormatter,printHelp,4,5,10
AbstractHelpFormatter,printOptions,3,1,11
AbstractHelpFormatter,printOptions,3,1,12
AbstractHelpFormatter,printOptions,3,1,13
AbstractHelpFormatter,setSyntaxPrefix,3,1,14
AbstractHelpFormatter,sort,8,1,15
AbstractHelpFormatter,sort,3,1,16
AbstractHelpFormatter,toArgName,3,1,17
AbstractHelpFormatter,toSyntaxOptions,3,1,18
AbstractHelpFormatter,toSyntaxOptions,31,2,19
AbstractHelpFormatter,toSyntaxOptions,20,1,20
AbstractHelpFormatter,toSyntaxOptions,3,1,21
Builder,asThis,4,0,15
Builder,getComparator,3,0,16
Builder,getHelpAppendable,3,0,17
Builder,getOptionFormatBuilder,3,0,18
Builder,getOptionGroupSeparator,3,0,19
Builder,setComparator,4,1,20
Builder,setHelpAppendable,4,1,21
Builder,setOptionFormatBuilder,4,1,22
Builder,setOptionGroupSeparator,4,1,23
FilterHelpAppendable,append,5,1,1
FilterHelpAppendable,append,5,1,2
FilterHelpAppendable,append,5,3,3
HelpAppendable,appendFormat,3,2,1
HelpAppendable,appendHeader,1,2,2
HelpAppendable,appendList,1,2,3
HelpAppendable,appendParagraph,1,1,4
HelpAppendable,appendParagraphFormat,3,2,5
HelpAppendable,appendTable,1,1,6
HelpAppendable,appendTitle,1,1,7
HelpFormatter,builder,3,0,1
HelpFormatter,getTableDefinition,41,1,2
Builder,get,4,0,24
Builder,setShowSince,4,1,25
OptionFormatter,builder,3,0,1
OptionFormatter,from,3,1,2
OptionFormatter,getArgName,3,0,3
OptionFormatter,getBothOpt,10,0,4
OptionFormatter,getDescription,3,0,5
OptionFormatter,getLongOpt,3,0,6
OptionFormatter,getOpt,3,0,7
OptionFormatter,getSince,3,0,8
OptionFormatter,isRequired,3,0,9
OptionFormatter,toOptional,6,1,10
OptionFormatter,toSyntaxOption,3,0,11
OptionFormatter,toSyntaxOption,3,1,12
Builder,build,3,1,26
Builder,get,5,0,27
Builder,setArgumentNameDelimiters,5,2,28
Builder,setDefaultArgName,4,1,29
Builder,setDeprecatedFormatFunction,4,1,30
Builder,setLongOptPrefix,4,1,31
Builder,setOptArgSeparator,4,1,32
Builder,setOptionalDelimiters,5,2,33
Builder,setOptPrefix,4,1,34
Builder,setOptSeparator,4,1,35
Builder,setSyntaxFormatFunction,4,1,36
Builder,toArgName,3,1,37
TableDefinition,from,24,4,1
TableDefinition,caption,1,0,2
TableDefinition,columnTextStyles,1,0,3
TableDefinition,headers,1,0,4
TableDefinition,rows,1,0,5
TextHelpAppendable,indexOfWrap,25,3,1
TextHelpAppendable,systemOut,3,0,2
TextHelpAppendable,adjustTableFormat,51,1,3
TextHelpAppendable,appendHeader,15,2,4
TextHelpAppendable,appendList,14,2,5
TextHelpAppendable,appendParagraph,8,1,6
TextHelpAppendable,appendTable,15,1,7
TextHelpAppendable,appendTitle,10,1,8
TextHelpAppendable,getIndent,3,0,9
TextHelpAppendable,getLeftPad,3,0,10
TextHelpAppendable,getMaxWidth,3,0,11
TextHelpAppendable,getTextStyleBuilder,3,0,12
TextHelpAppendable,makeColumnQueue,17,2,13
TextHelpAppendable,makeColumnQueues,7,2,14
TextHelpAppendable,printQueue,5,1,15
TextHelpAppendable,printWrapped,3,1,16
TextHelpAppendable,printWrapped,3,2,17
TextHelpAppendable,resize,3,2,18
TextHelpAppendable,resize,11,2,19
TextHelpAppendable,setIndent,3,1,20
TextHelpAppendable,setLeftPad,3,1,21
TextHelpAppendable,setMaxWidth,3,1,22
TextHelpAppendable,writeColumnQueues,20,2,23
TextStyle,builder,3,0,1
TextStyle,getAlignment,3,0,2
TextStyle,getIndent,3,0,3
TextStyle,getLeftPad,3,0,4
TextStyle,getMaxWidth,3,0,5
TextStyle,getMinWidth,3,0,6
TextStyle,isScalable,3,0,7
TextStyle,pad,46,2,8
TextStyle,toString,5,0,9
Builder,get,4,0,38
Builder,getIndent,3,0,39
Builder,getLeftPad,3,0,40
Builder,getMaxWidth,3,0,41
Builder,getMinWidth,3,0,42
Builder,isScalable,3,0,43
Builder,setAlignment,4,1,44
Builder,setIndent,4,1,45
Builder,setLeftPad,4,1,46
Builder,setMaxWidth,4,1,47
Builder,setMinWidth,4,1,48
Builder,setScalable,4,1,49
Builder,setTextStyle,9,1,50
Util,defaultValue,3,2,1
Util,indexOfNonWhitespace,11,2,2
Util,isEmpty,3,1,3
Util,isWhitespace,3,1,4
Util,ltrim,4,1,5
Util,repeat,5,2,6
Util,repeatSpace,3,1,7
Util,rtrim,10,1,8
HelpFormatter,builder,3,0,3
HelpFormatter,createDefaultPrintWriter,3,0,4
HelpFormatter,getDescription,4,1,5
HelpFormatter,appendOption,19,3,6
HelpFormatter,appendOptionGroup,21,2,7
HelpFormatter,appendOptions,72,5,8
HelpFormatter,appendWrappedText,28,4,9
HelpFormatter,createPadding,5,1,10
HelpFormatter,determineMaxSinceLength,5,1,11
HelpFormatter,findWrapPos,28,3,12
HelpFormatter,getArgName,3,0,13
HelpFormatter,getDescPadding,3,0,14
HelpFormatter,getLeftPadding,3,0,15
HelpFormatter,getLongOptPrefix,3,0,16
HelpFormatter,getLongOptSeparator,3,0,17
HelpFormatter,getNewLine,3,0,18
HelpFormatter,getOptionComparator,3,0,19
HelpFormatter,getOptPrefix,3,0,20
HelpFormatter,getSyntaxPrefix,3,0,21
HelpFormatter,getWidth,3,0,22
HelpFormatter,printHelp,3,5,23
HelpFormatter,printHelp,6,6,24
HelpFormatter,printHelp,4,8,25
HelpFormatter,printHelp,18,9,26
HelpFormatter,printHelp,3,2,27
HelpFormatter,printHelp,3,3,28
HelpFormatter,printHelp,3,4,29
HelpFormatter,printHelp,3,5,30
HelpFormatter,printOptions,8,5,31
HelpFormatter,printUsage,4,3,32
HelpFormatter,printUsage,39,4,33
HelpFormatter,printWrapped,3,4,34
HelpFormatter,printWrapped,3,3,35
HelpFormatter,renderOptions,8,5,36
HelpFormatter,renderWrappedText,8,4,37
HelpFormatter,renderWrappedTextBlock,18,4,38
HelpFormatter,rtrim,10,1,39
HelpFormatter,setArgName,3,1,40
HelpFormatter,setDescPadding,3,1,41
HelpFormatter,setLeftPadding,3,1,42
HelpFormatter,setLongOptPrefix,3,1,43
HelpFormatter,setLongOptSeparator,3,1,44
HelpFormatter,setNewLine,3,1,45
HelpFormatter,setOptionComparator,3,1,46
HelpFormatter,setOptPrefix,3,1,47
HelpFormatter,setSyntaxPrefix,3,1,48
HelpFormatter,setWidth,3,1,49
Builder,get,4,0,51
Builder,setPrintWriter,4,1,52
Builder,setShowDeprecated,3,1,53
Builder,setShowDeprecated,4,1,54
Builder,setShowSince,4,1,55
OptionComparator,compare,4,2,1
MissingArgumentException,getOption,3,0,1
MissingOptionException,createMessage,15,1,1
MissingOptionException,getMissingOptions,3,0,2
Option,builder,3,0,1
Option,builder,3,1,2
Option,acceptsArg,3,0,3
Option,add,7,1,4
Option,addValue,5,1,5
Option,clearValues,3,0,6
Option,clone,10,0,7
Option,equals,11,1,8
Option,getArgName,3,0,9
Option,getArgs,3,0,10
Option,getConverter,3,0,11
Option,getDeprecated,3,0,12
Option,getDescription,3,0,13
Option,getId,3,0,14
Option,getKey,4,0,15
Option,getLongOpt,3,0,16
Option,getOpt,3,0,17
Option,getSince,3,0,18
Option,getType,3,0,19
Option,getValue,3,0,20
Option,getValue,3,1,21
Option,getValue,4,1,22
Option,getValues,3,0,23
Option,getValueSeparator,3,0,24
Option,getValuesList,3,0,25
Option,hasArg,3,0,26
Option,hasArgName,3,0,27
Option,hasArgs,3,0,28
Option,hashCode,4,0,29
Option,hasLongOpt,3,0,30
Option,hasNoValues,3,0,31
Option,hasOptionalArg,3,0,32
Option,hasValueSeparator,3,0,33
Option,isDeprecated,3,0,34
Option,isRequired,3,0,35
Option,processValue,28,1,36
Option,requiresArg,9,0,37
Option,setArgName,3,1,38
Option,setArgs,3,1,39
Option,setConverter,3,1,40
Option,setDescription,3,1,41
Option,setLongOpt,3,1,42
Option,setOptionalArg,3,1,43
Option,setRequired,3,1,44
Option,setType,3,1,45
Option,setType,4,1,46
Option,setValueSeparator,3,1,47
Option,toDeprecatedString,16,0,48
Option,toString,26,0,49
Builder,toType,3,1,56
Builder,argName,4,1,57
Builder,build,6,0,58
Builder,converter,4,1,59
Builder,deprecated,3,0,60
Builder,deprecated,4,1,61
Builder,desc,4,1,62
Builder,hasArg,3,0,63
Builder,hasArg,5,1,64
Builder,hasArgs,4,0,65
Builder,longOpt,4,1,66
Builder,numberOfArgs,4,1,67
Builder,option,4,1,68
Builder,optionalArg,7,1,69
Builder,required,3,0,70
Builder,required,4,1,71
Builder,since,4,1,72
Builder,type,4,1,73
Builder,valueSeparator,3,0,74
Builder,valueSeparator,4,1,75
OptionBuilder,create,8,0,1
OptionBuilder,create,3,1,2
OptionBuilder,create,23,1,3
OptionBuilder,hasArg,4,0,4
OptionBuilder,hasArg,4,1,5
OptionBuilder,hasArgs,4,0,6
OptionBuilder,hasArgs,4,1,7
OptionBuilder,hasOptionalArg,5,0,8
OptionBuilder,hasOptionalArgs,5,0,9
OptionBuilder,hasOptionalArgs,5,1,10
OptionBuilder,isRequired,4,0,11
OptionBuilder,isRequired,4,1,12
OptionBuilder,reset,10,0,13
OptionBuilder,withArgName,4,1,14
OptionBuilder,withDescription,4,1,15
OptionBuilder,withLongOpt,4,1,16
OptionBuilder,withType,4,1,17
OptionBuilder,withType,4,1,18
OptionBuilder,withValueSeparator,4,0,19
OptionBuilder,withValueSeparator,4,1,20
OptionGroup,addOption,6,1,1
OptionGroup,getNames,4,0,2
OptionGroup,getOptions,4,0,3
OptionGroup,getSelected,3,0,4
OptionGroup,isRequired,3,0,5
OptionGroup,isSelected,3,0,6
OptionGroup,setRequired,3,1,7
OptionGroup,setSelected,14,1,8
OptionGroup,toString,27,0,9
Options,addOption,16,1,1
Options,addOption,4,3,2
Options,addOption,4,2,3
Options,addOption,4,4,4
Options,addOptionGroup,14,1,5
Options,addOptions,10,1,6
Options,addRequiredOption,6,4,7
Options,getMatchingOptions,14,1,8
Options,getOption,5,1,9
Options,getOptionGroup,3,1,10
Options,getOptionGroups,8,0,11
Options,getOptions,3,0,12
Options,getRequiredOptions,3,0,13
Options,hasLongOption,3,1,14
Options,hasOption,4,1,15
Options,hasShortOption,4,1,16
Options,helpOptions,3,0,17
Options,toString,10,0,18
OptionValidator,isValidChar,3,1,1
OptionValidator,isValidOpt,3,1,2
OptionValidator,search,8,2,3
OptionValidator,validate,24,1,4
ParseException,wrap,10,1,1
Parser,checkRequiredOptions,6,0,1
Parser,flatten,1,3,2
Parser,getOptions,3,0,3
Parser,getRequiredOptions,3,0,4
Parser,parse,4,2,5
Parser,parse,4,3,6
Parser,parse,3,3,7
Parser,parse,61,4,8
Parser,processArgs,21,2,9
Parser,processOption,17,2,10
Parser,processProperties,34,1,11
Parser,setOptions,4,1,12
Parser,updateRequiredOptions,16,1,13
PatternOptionBuilder,getValueClass,4,1,1
PatternOptionBuilder,getValueType,24,1,2
PatternOptionBuilder,isValueCode,3,1,3
PatternOptionBuilder,parsePattern,51,1,4
PatternOptionBuilder,unsupported,4,0,5
PosixParser,burstToken,22,2,1
PosixParser,flatten,56,3,2
PosixParser,gobble,7,1,3
PosixParser,init,4,0,4
PosixParser,processNonOptionToken,8,2,5
PosixParser,processOptionToken,11,2,6
TypeHandler,createClass,3,1,1
TypeHandler,createDate,3,1,2
TypeHandler,createDefaultMap,3,0,3
TypeHandler,createFile,3,1,4
TypeHandler,createFiles,6,1,5
TypeHandler,createNumber,4,1,6
TypeHandler,createObject,4,1,7
TypeHandler,createURL,3,1,8
TypeHandler,createValue,7,2,9
TypeHandler,createValue,4,2,10
TypeHandler,createValueUnchecked,7,2,11
TypeHandler,getDefault,3,0,12
TypeHandler,openFile,4,1,13
TypeHandler,putDefaultMap,20,1,14
TypeHandler,getConverter,4,1,15
UnrecognizedOptionException,getOption,3,0,1
Util,isEmpty,3,1,9
Util,isEmpty,3,1,10
Util,stripLeadingAndTrailingQuotes,10,1,11
Util,stripLeadingHyphens,12,1,12
AbstractParserTestCase,parse,10,4,1
AbstractParserTestCase,setUp,9,0,2
AbstractParserTestCase,testAmbiguousArgParsing,5,0,3
AbstractParserTestCase,testAmbiguousLongWithoutEqualSingleDash,11,0,4
AbstractParserTestCase,testAmbiguousLongWithoutEqualSingleDash2,11,0,5
AbstractParserTestCase,testAmbiguousPartialLongOption1,11,0,6
AbstractParserTestCase,testAmbiguousPartialLongOption2,11,0,7
AbstractParserTestCase,testAmbiguousPartialLongOption3,11,0,8
AbstractParserTestCase,testAmbiguousPartialLongOption4,11,0,9
AbstractParserTestCase,testArgumentStartingWithHyphen,6,0,10
AbstractParserTestCase,testBursting,10,0,11
AbstractParserTestCase,testDoubleDash1,8,0,12
AbstractParserTestCase,testDoubleDash2,9,0,13
AbstractParserTestCase,testLongOptionQuoteHandling,6,0,14
AbstractParserTestCase,testLongOptionWithEqualsQuoteHandling,6,0,15
AbstractParserTestCase,testLongWithEqualDoubleDash,8,0,16
AbstractParserTestCase,testLongWithEqualSingleDash,8,0,17
AbstractParserTestCase,testLongWithoutEqualDoubleDash,8,0,18
AbstractParserTestCase,testLongWithoutEqualSingleDash,7,0,19
AbstractParserTestCase,testLongWithUnexpectedArgument1,7,0,20
AbstractParserTestCase,testLongWithUnexpectedArgument2,7,0,21
AbstractParserTestCase,testMissingArg,5,0,22
AbstractParserTestCase,testMissingArgWithBursting,6,0,23
AbstractParserTestCase,testMissingRequiredGroup,13,0,24
AbstractParserTestCase,testMissingRequiredOption,10,0,25
AbstractParserTestCase,testMissingRequiredOptions,12,0,26
AbstractParserTestCase,testMultiple,13,0,27
AbstractParserTestCase,testMultipleWithLong,13,0,28
AbstractParserTestCase,testMultipleWithNull,13,0,29
AbstractParserTestCase,testNegativeArgument,6,0,30
AbstractParserTestCase,testNegativeOption,7,0,31
AbstractParserTestCase,testOptionalArgsOptionBuilder,23,0,32
AbstractParserTestCase,testOptionalArgsOptionDotBuilder,26,0,33
AbstractParserTestCase,testOptionAndRequiredOption,15,0,34
AbstractParserTestCase,testOptionGroup,15,0,35
AbstractParserTestCase,testOptionGroupLong,15,0,36
AbstractParserTestCase,testPartialLongOptionSingleDash,13,0,37
AbstractParserTestCase,testPropertiesOption1,21,0,38
AbstractParserTestCase,testPropertiesOption2,18,0,39
AbstractParserTestCase,testPropertyOptionFlags,54,0,40
AbstractParserTestCase,testPropertyOptionGroup,27,0,41
AbstractParserTestCase,testPropertyOptionMultipleValues,13,0,42
AbstractParserTestCase,testPropertyOptionRequired,11,0,43
AbstractParserTestCase,testPropertyOptionSingularValue,13,0,44
AbstractParserTestCase,testPropertyOptionUnexpected,7,0,45
AbstractParserTestCase,testPropertyOverrideValues,18,0,46
AbstractParserTestCase,testReuseOptionsTwice,9,0,47
AbstractParserTestCase,testShortOptionConcatenatedQuoteHandling,5,0,48
AbstractParserTestCase,testShortOptionQuoteHandling,5,0,49
AbstractParserTestCase,testShortWithEqual,7,0,50
AbstractParserTestCase,testShortWithoutEqual,7,0,51
AbstractParserTestCase,testShortWithUnexpectedArgument,7,0,52
AbstractParserTestCase,testSimpleLong,9,0,53
AbstractParserTestCase,testSimpleShort,8,0,54
AbstractParserTestCase,testSingleDash,9,0,55
AbstractParserTestCase,testStopAtExpectedArg,8,0,56
AbstractParserTestCase,testStopAtNonOptionLong,8,0,57
AbstractParserTestCase,testStopAtNonOptionShort,6,0,58
AbstractParserTestCase,testStopAtUnexpectedArg,6,0,59
AbstractParserTestCase,testStopBursting,8,0,60
AbstractParserTestCase,testStopBursting2,12,0,61
AbstractParserTestCase,testUnambiguousPartialLongOption1,8,0,62
AbstractParserTestCase,testUnambiguousPartialLongOption2,8,0,63
AbstractParserTestCase,testUnambiguousPartialLongOption3,9,0,64
AbstractParserTestCase,testUnambiguousPartialLongOption4,9,0,65
AbstractParserTestCase,testUnlimitedArgs,11,0,66
AbstractParserTestCase,testUnrecognizedOption,6,0,67
AbstractParserTestCase,testUnrecognizedOptionWithBursting,6,0,68
AbstractParserTestCase,testWithRequiredOption,12,0,69
AlreadySelectedExceptionTest,testConstructor,10,0,1
ApplicationTest,testAnt,41,0,1
ApplicationTest,testGroovy,69,0,2
ApplicationTest,testLs,26,0,3
ApplicationTest,testMan,89,0,4
ApplicationTest,testNLT,58,0,5
ArgumentIsOptionTest,setUp,5,0,1
ArgumentIsOptionTest,testOption,9,0,2
ArgumentIsOptionTest,testOptionAndOptionWithArgument,10,0,3
ArgumentIsOptionTest,testOptionWithArgument,10,0,4
BasicParserTest,setUp,6,0,1
BasicParserTest,testAmbiguousLongWithoutEqualSingleDash,5,0,2
BasicParserTest,testAmbiguousLongWithoutEqualSingleDash2,5,0,3
BasicParserTest,testAmbiguousPartialLongOption1,5,0,4
BasicParserTest,testAmbiguousPartialLongOption2,5,0,5
BasicParserTest,testAmbiguousPartialLongOption3,5,0,6
BasicParserTest,testAmbiguousPartialLongOption4,5,0,7
BasicParserTest,testBursting,5,0,8
BasicParserTest,testDoubleDash2,5,0,9
BasicParserTest,testLongOptionWithEqualsQuoteHandling,5,0,10
BasicParserTest,testLongWithEqualDoubleDash,5,0,11
BasicParserTest,testLongWithEqualSingleDash,5,0,12
BasicParserTest,testLongWithoutEqualSingleDash,5,0,13
BasicParserTest,testMissingArgWithBursting,5,0,14
BasicParserTest,testNegativeOption,5,0,15
BasicParserTest,testPartialLongOptionSingleDash,5,0,16
BasicParserTest,testPropertiesOption1,5,0,17
BasicParserTest,testPropertiesOption2,5,0,18
BasicParserTest,testShortOptionConcatenatedQuoteHandling,5,0,19
BasicParserTest,testShortWithEqual,5,0,20
BasicParserTest,testShortWithoutEqual,5,0,21
BasicParserTest,testStopBursting,5,0,22
BasicParserTest,testStopBursting2,5,0,23
BasicParserTest,testUnambiguousPartialLongOption1,5,0,24
BasicParserTest,testUnambiguousPartialLongOption2,5,0,25
BasicParserTest,testUnambiguousPartialLongOption3,5,0,26
BasicParserTest,testUnambiguousPartialLongOption4,5,0,27
BasicParserTest,testUnrecognizedOptionWithBursting,5,0,28
BugCLI133Test,testOrder,9,0,1
BugCLI13Test,testCLI13,21,0,1
BugCLI148Test,setUp,6,0,1
BugCLI148Test,testWorkaround1,8,0,2
BugCLI148Test,testWorkaround2,8,0,3
BugCLI162Test,setUp,5,0,1
BugCLI162Test,testInfiniteLoop,18,0,2
BugCLI162Test,testLongLineChunking,34,0,3
BugCLI162Test,testLongLineChunkingIndentIgnored,18,0,4
BugCLI162Test,testPrintHelpLongLines,135,0,5
BugCLI18Test,testCLI18,14,0,1
BugCLI252Test,getOptions,6,0,1
BugCLI252Test,testAmbiquousOptionName,6,0,2
BugCLI252Test,testExactOptionNameMatch,4,0,3
BugCLI265Test,setUp,11,0,1
BugCLI265Test,testShouldParseConcatenatedShortOptions,12,0,2
BugCLI265Test,testShouldParseShortOptionWithoutValue,10,0,3
BugCLI265Test,testShouldParseShortOptionWithValue,9,0,4
BugCLI266Test,buildOptionsGroup,33,1,1
BugCLI266Test,getOptions,33,0,2
BugCLI266Test,testOptionComparatorDefaultOrder,11,0,3
BugCLI266Test,testOptionComparatorInsertedOrder,9,0,4
BugCLI312Test,testNoOptionValues,10,0,1
BugCLI312Test,testPropertyStyleOption_withGetOptionProperties,21,0,2
BugCLI312Test,testPropertyStyleOption_withGetOptions,41,0,3
BugCLI325Test,testCli325,16,0,1
BugCLI71Test,setUp,14,0,1
BugCLI71Test,testBasic,7,0,2
BugCLI71Test,testGetsDefaultIfOptional,9,0,3
BugCLI71Test,testLackOfError,6,0,4
BugCLI71Test,testMistakenArgument,9,0,5
BugsTest,test11456,24,0,1
BugsTest,test11457,11,0,2
BugsTest,test11458,40,0,3
BugsTest,test11680,24,0,4
BugsTest,test12210,51,0,5
BugsTest,test13425,18,0,6
BugsTest,test13666,17,0,7
BugsTest,test13666_Builder,11,0,8
BugsTest,test13935,32,0,9
BugsTest,test14786,14,0,10
BugsTest,test15046,16,0,11
BugsTest,test15648,10,0,12
BugsTest,test31148,17,0,13
CommandLineTest,createHasOptionParameters,31,0,1
CommandLineTest,createOptionValueParameters,30,0,2
CommandLineTest,createOptionValuesParameters,31,0,3
CommandLineTest,createParsedOptionValueParameters,31,0,4
CommandLineTest,createParsedOptionValuesParameters,31,0,5
CommandLineTest,asChar,3,1,6
CommandLineTest,assertWritten,9,2,7
CommandLineTest,checkHandler,9,3,8
CommandLineTest,testBadGetParsedOptionValue,13,0,9
CommandLineTest,testBuilderBuild,13,0,10
CommandLineTest,testBuilderGet,13,0,11
CommandLineTest,testBuilderNullArgs,10,0,12
CommandLineTest,testBuilderNullOption,13,0,13
CommandLineTest,testGetOptionProperties,21,0,14
CommandLineTest,testGetOptionPropertiesWithOption,23,0,15
CommandLineTest,testGetOptionsBuilder,13,0,16
CommandLineTest,testGetOptionsCtor,13,0,17
CommandLineTest,testGetOptionValue,92,8,18
CommandLineTest,testGetOptionValues,43,8,19
CommandLineTest,testGetParsedOptionValue,93,8,20
CommandLineTest,testGetParsedOptionValues,93,8,21
CommandLineTest,testHasOption,43,8,22
CommandLineTest,testHasOptionNoDeprecationHandler,38,8,23
CommandLineTest,testHasOptionNullDeprecationHandler,38,8,24
CommandLineTest,testNoDeprecationHandler,124,8,25
CommandLineTest,testNullOption,14,0,26
ConverterTests,numberTestParameters,15,0,1
ConverterTests,testClass,12,0,2
ConverterTests,testDate,17,0,3
ConverterTests,testFile,6,0,4
ConverterTests,testNumber,9,2,5
ConverterTests,testObject,11,0,6
ConverterTests,testUrl,5,0,7
DefaultParserTest,setUp,6,0,1
DefaultParserTest,testBuilder,13,0,2
DefaultParserTest,testDeprecated,28,0,3
DefaultParserTest,testLongOptionWithEqualsQuoteHandling,5,0,4
DefaultParserTest,testParameterized,8,6,5
DefaultParserTest,testShortOptionConcatenatedQuoteHandling,5,0,6
ExternalArgumentsProvider,provideArguments,109,1,1
DeprecatedAttributesTest,testBuilderNonDefaults,13,0,1
DeprecatedAttributesTest,testBuilderNonDefaultsToString,22,0,2
DeprecatedAttributesTest,testDefaultBuilder,7,0,3
DeprecatedAttributesTest,testDefaultToString,4,0,4
DisablePartialMatchingTest,testDisablePartialMatching,16,0,1
DisablePartialMatchingTest,testRegularPartialMatching,16,0,2
AptHelpAppendable,appendHeader,12,2,1
AptHelpAppendable,appendList,16,2,2
AptHelpAppendable,appendParagraph,6,1,3
AptHelpAppendable,appendTable,44,1,4
AptHelpAppendable,appendTitle,6,1,5
AptHelpAppendableTest,beforeEach,5,0,1
AptHelpAppendableTest,testAppendFormatTest,5,0,2
AptHelpAppendableTest,testAppendHeaderTest,10,0,3
AptHelpAppendableTest,testAppendListTest,9,0,4
AptHelpAppendableTest,testAppendParagraphFormatTest,5,0,5
AptHelpAppendableTest,testAppendParagraphTest,5,0,6
AptHelpAppendableTest,testAppendTableTest,45,0,7
AptHelpAppendableTest,testAppendTitleTest,6,0,8
WeirdOptionFormat,apply,17,1,1
XhtmlHelpAppendable,appendHeader,9,2,1
XhtmlHelpAppendable,appendList,10,2,2
XhtmlHelpAppendable,appendParagraph,6,1,3
XhtmlHelpAppendable,appendTable,26,1,4
XhtmlHelpAppendable,appendTitle,6,1,5
XhtmlHelpAppendableTest,beforeEach,5,0,1
XhtmlHelpAppendableTest,testAppendHeaderTest,10,0,2
XhtmlHelpAppendableTest,testAppendListTest,9,0,3
XhtmlHelpAppendableTest,testAppendParagraphFormatTest,5,0,4
XhtmlHelpAppendableTest,testAppendParagraphTest,5,0,5
XhtmlHelpAppendableTest,testAppendTableTest,59,0,6
XhtmlHelpAppendableTest,testAppendTitleTest,5,0,7
GnuParserTest,setUp,6,0,1
GnuParserTest,testAmbiguousLongWithoutEqualSingleDash,5,0,2
GnuParserTest,testAmbiguousLongWithoutEqualSingleDash2,5,0,3
GnuParserTest,testAmbiguousPartialLongOption1,5,0,4
GnuParserTest,testAmbiguousPartialLongOption2,5,0,5
GnuParserTest,testAmbiguousPartialLongOption3,5,0,6
GnuParserTest,testAmbiguousPartialLongOption4,5,0,7
GnuParserTest,testBursting,5,0,8
GnuParserTest,testDoubleDash2,5,0,9
GnuParserTest,testLongWithoutEqualSingleDash,5,0,10
GnuParserTest,testLongWithUnexpectedArgument1,5,0,11
GnuParserTest,testLongWithUnexpectedArgument2,5,0,12
GnuParserTest,testMissingArgWithBursting,5,0,13
GnuParserTest,testNegativeOption,5,0,14
GnuParserTest,testPartialLongOptionSingleDash,5,0,15
GnuParserTest,testShortWithUnexpectedArgument,5,0,16
GnuParserTest,testStopBursting,5,0,17
GnuParserTest,testStopBursting2,5,0,18
GnuParserTest,testUnambiguousPartialLongOption1,5,0,19
GnuParserTest,testUnambiguousPartialLongOption2,5,0,20
GnuParserTest,testUnambiguousPartialLongOption3,5,0,21
GnuParserTest,testUnambiguousPartialLongOption4,5,0,22
GnuParserTest,testUnrecognizedOptionWithBursting,5,0,23
HelpFormatterTest,getTestGroups,20,0,1
HelpFormatterTest,testDefault,9,0,2
HelpFormatterTest,testPrintHelp,77,0,3
HelpFormatterTest,testPrintHelpXML,30,0,4
HelpFormatterTest,testPrintOptions,49,0,5
HelpFormatterTest,testSetOptionFormatBuilderTest,10,0,6
HelpFormatterTest,testSetOptionGroupSeparatorTest,7,0,7
HelpFormatterTest,testSortOptionGroupsTest,17,0,8
HelpFormatterTest,testSortOptionsTest,26,0,9
HelpFormatterTest,testSyntaxPrefix,9,0,10
HelpFormatterTest,testToArgNameTest,10,0,11
HelpFormatterTest,testToSyntaxOptionGroupTest,20,0,12
HelpFormatterTest,testToSyntaxOptionIterableTest,15,0,13
HelpFormatterTest,testToSyntaxOptionOptionsTest,51,0,14
OptionFormatterTest,deprecatedAttributesData,31,0,1
OptionFormatterTest,assertEquivalent,11,2,2
OptionFormatterTest,testAsOptional,14,0,3
OptionFormatterTest,testAsSyntaxOption,36,0,4
OptionFormatterTest,testComplexDeprecationFormat,9,2,5
OptionFormatterTest,testCopyConstructor,27,0,6
OptionFormatterTest,testDefaultSyntaxFormat,13,0,7
OptionFormatterTest,testGetBothOpt,16,0,8
OptionFormatterTest,testGetDescription,26,0,9
OptionFormatterTest,testSetArgumentNameDelimiters,13,0,10
OptionFormatterTest,testSetDefaultArgName,12,0,11
OptionFormatterTest,testSetLongOptPrefix,12,0,12
OptionFormatterTest,testSetOptArgumentSeparator,12,0,13
OptionFormatterTest,testSetOptSeparator,12,0,14
OptionFormatterTest,testSetSyntaxFormatFunction,11,0,15
TextHelpAppendableTest,setUp,5,0,1
TextHelpAppendableTest,tesstMakeColumnQueue,49,0,2
TextHelpAppendableTest,testAdjustTableFormat,15,0,3
TextHelpAppendableTest,testAppend,11,0,4
TextHelpAppendableTest,testAppendHeader,43,0,5
TextHelpAppendableTest,testAppendList,36,0,6
TextHelpAppendableTest,testAppendParagraph,17,0,7
TextHelpAppendableTest,testAppendParagraphFormat,13,0,8
TextHelpAppendableTest,testAppendTable,50,0,9
TextHelpAppendableTest,testAppendTitle,18,0,10
TextHelpAppendableTest,testGetStyleBuilder,7,0,11
TextHelpAppendableTest,testindexOfWrapPos,14,0,12
TextHelpAppendableTest,testindexOfWrapPosWithWhitespace,6,2,13
TextHelpAppendableTest,testPrintWrapped,62,0,14
TextHelpAppendableTest,testResize,10,0,15
TextHelpAppendableTest,testResizeTableFormat,10,0,16
TextHelpAppendableTest,testSetIndent,6,0,17
TextHelpAppendableTest,testWriteColumnQueues,46,0,18
TextStyleTests,padTestData,54,0,1
TextStyleTests,testDefaultStyle,9,0,2
TextStyleTests,testPad,6,3,3
UtilTest,charArgs,23,0,1
UtilTest,testFindNonWhitespacePos,5,0,2
UtilTest,testFindNonWhitespacePos,8,2,3
UtilTest,testIsEmpty,9,0,4
UtilTest,testRtrim,11,2,5
HelpFormatterTest,deprecatedOptionsProvider,38,0,15
HelpFormatterTest,testAccessors,28,0,16
HelpFormatterTest,testAutomaticUsage,21,0,17
HelpFormatterTest,testDefaultArgName,15,0,18
HelpFormatterTest,testFindWrapPos,26,0,19
HelpFormatterTest,testHeaderStartingWithLineSeparator0,19,0,20
HelpFormatterTest,testHeaderStartingWithLineSeparator1,71,0,21
HelpFormatterTest,testHelpWithLongOptSeparator,27,0,22
HelpFormatterTest,testIndentedHeaderAndFooter,20,0,23
HelpFormatterTest,testOptionWithoutShortFormat,20,0,24
HelpFormatterTest,testOptionWithoutShortFormat2,69,0,25
HelpFormatterTest,testPrintDeprecatedOptions,19,3,26
HelpFormatterTest,testPrintHelpNewlineFooter,26,0,27
HelpFormatterTest,testPrintHelpNewlineHeader,26,0,28
HelpFormatterTest,testPrintHelpWithEmptySyntax,9,0,29
HelpFormatterTest,testPrintHelpWithSince,15,0,30
HelpFormatterTest,testPrintOptionGroupUsage,17,0,31
HelpFormatterTest,testPrintOptions,41,0,32
HelpFormatterTest,testPrintOptionWithEmptyArgNameUsage,16,0,33
HelpFormatterTest,testPrintRequiredOptionGroupUsage,18,0,34
HelpFormatterTest,testPrintSortedUsage,15,0,35
HelpFormatterTest,testPrintSortedUsageWithNullComparator,15,0,36
HelpFormatterTest,testPrintUsage,16,0,37
HelpFormatterTest,testRenderSince,17,0,38
HelpFormatterTest,testRenderWrappedTextMultiLine,15,0,39
HelpFormatterTest,testRenderWrappedTextMultiLinePadded,18,0,40
HelpFormatterTest,testRenderWrappedTextSingleLine,17,0,41
HelpFormatterTest,testRenderWrappedTextSingleLinePadded,12,0,42
HelpFormatterTest,testRenderWrappedTextSingleLinePadded2,17,0,43
HelpFormatterTest,testRenderWrappedTextWordCut,11,0,44
HelpFormatterTest,testRtrim,8,0,45
HelpFormatterTest,testUsageWithLongOptSeparator,16,0,46
OptionBuilderTest,testBaseOptionCharOpt,8,0,1
OptionBuilderTest,testBaseOptionStringOpt,8,0,2
OptionBuilderTest,testBuilderIsResettedAlways,7,0,3
OptionBuilderTest,testCompleteOption,20,0,4
OptionBuilderTest,testCreateIncompleteOption,6,0,5
OptionBuilderTest,testIllegalOptions,9,0,6
OptionBuilderTest,testOptionArgNumbers,9,0,7
OptionBuilderTest,testSpecialOptChars,11,0,8
OptionBuilderTest,testTwoCompleteOptions,35,0,9
OptionGroupTest,setUp,26,0,1
OptionGroupTest,testGetNames,11,0,2
OptionGroupTest,testNoOptionsExtraArgs,11,0,3
OptionGroupTest,testSingleLongOption,11,0,4
OptionGroupTest,testSingleOption,11,0,5
OptionGroupTest,testSingleOptionFromGroup,11,0,6
OptionGroupTest,testToString,15,0,7
OptionGroupTest,testTwoLongOptionsFromGroup,9,0,8
OptionGroupTest,testTwoOptionsFromDifferentGroup,11,0,9
OptionGroupTest,testTwoOptionsFromGroup,9,0,10
OptionGroupTest,testTwoOptionsFromGroupWithProperties,9,0,11
OptionGroupTest,testTwoValidLongOptions,11,0,12
OptionGroupTest,testTwoValidOptions,11,0,13
OptionGroupTest,testValidLongOnlyOptions,7,0,14
OptionsTest,assertToStrings,6,1,1
OptionsTest,testAddConflictingOptions,17,0,2
OptionsTest,testAddNonConflictingOptions,29,0,3
OptionsTest,testAddOptions,19,0,4
OptionsTest,testAddOptions2X,15,0,5
OptionsTest,testDeprecated,21,0,6
OptionsTest,testDuplicateLong,8,0,7
OptionsTest,testDuplicateSimple,9,0,8
OptionsTest,testGetMatchingOpts,13,0,9
OptionsTest,testGetOptionsGroups,18,0,10
OptionsTest,testHelpOptions,34,0,11
OptionsTest,testLong,8,0,12
OptionsTest,testMissingOptionException,8,0,13
OptionsTest,testMissingOptionsException,10,0,14
OptionsTest,testSimple,8,0,15
OptionsTest,testToString,10,0,16
OptionTest,checkOption,25,13,1
OptionTest,roundTrip,8,1,2
OptionTest,testAddValue,6,0,3
OptionTest,testBuilderEmpty,4,0,4
OptionTest,testBuilderInsufficientParams1,4,0,5
OptionTest,testBuilderInsufficientParams2,4,0,6
OptionTest,testBuilderInvalidOptionName0,6,0,7
OptionTest,testBuilderInvalidOptionName1,4,0,8
OptionTest,testBuilderInvalidOptionName2,4,0,9
OptionTest,testBuilderInvalidOptionName3,4,0,10
OptionTest,testBuilderInvalidOptionName4,4,0,11
OptionTest,testBuilderMethods,53,0,12
OptionTest,testClear,9,0,13
OptionTest,testClone,15,0,14
OptionTest,testEquals,13,0,15
OptionTest,testGetValue,14,0,16
OptionTest,testHasArgName,13,0,17
OptionTest,testHasArgs,19,0,18
OptionTest,testHashCode,6,0,19
OptionTest,testSerialization,18,0,20
OptionTest,testSubclass,7,0,21
OptionTest,testTypeClass,7,0,22
OptionTest,testTypeObject,9,0,23
DefaultOption,getValue,4,0,1
TestOption,addValue,5,1,1
OptionValidatorTest,optionParameters,36,0,1
OptionValidatorTest,setup,51,0,2
OptionValidatorTest,testExclusivity,11,0,3
OptionValidatorTest,testValidate,9,3,4
ParseExceptionTest,testConstructor,9,0,1
PatternOptionBuilderTest,testClassPattern,8,0,1
PatternOptionBuilderTest,testEmptyPattern,5,0,2
PatternOptionBuilderTest,testExistingFilePattern,9,0,3
PatternOptionBuilderTest,testExistingFilePatternFileNotExist,7,0,4
PatternOptionBuilderTest,testNumberPattern,13,0,5
PatternOptionBuilderTest,testObjectPattern,9,0,6
PatternOptionBuilderTest,testRequiredOption,8,0,7
PatternOptionBuilderTest,testSimplePattern,39,0,8
PatternOptionBuilderTest,testUntypedPattern,12,0,9
PatternOptionBuilderTest,testURLPattern,8,0,10
PosixParserTest,setUp,7,0,1
PosixParserTest,testAmbiguousLongWithoutEqualSingleDash,5,0,2
PosixParserTest,testAmbiguousLongWithoutEqualSingleDash2,5,0,3
PosixParserTest,testAmbiguousPartialLongOption4,5,0,4
PosixParserTest,testDoubleDash2,5,0,5
PosixParserTest,testLongWithEqualSingleDash,5,0,6
PosixParserTest,testLongWithoutEqualSingleDash,5,0,7
PosixParserTest,testLongWithUnexpectedArgument1,5,0,8
PosixParserTest,testNegativeOption,5,0,9
PosixParserTest,testShortWithEqual,5,0,10
PosixParserTest,testUnambiguousPartialLongOption4,5,0,11
SolrCliTest,getDefaultSolrUrl,6,0,1
SolrCliTest,testOptions,15,0,2
SolrCreateToolTest,getOptions,47,0,1
SolrCreateToolTest,printHelp,12,1,2
SolrCreateToolTest,testHelpFormatter,6,0,3
SolrCreateToolTest,testHelpFormatterDeprecated,6,0,4
TypeHandlerTest,createDateFixtures,4,0,1
TypeHandlerTest,createValueTestParameters,89,0,2
TypeHandlerTest,testCreateClass,5,0,3
TypeHandlerTest,testCreateDate,5,1,4
TypeHandlerTest,testCreateFile,5,0,5
TypeHandlerTest,testCreateFiles,4,0,6
TypeHandlerTest,testCreateNumber,5,0,7
TypeHandlerTest,testCreateObject,4,0,8
TypeHandlerTest,testCreateURL,5,0,9
TypeHandlerTest,testCreateValue,14,3,10
TypeHandlerTest,testCreateValueExistingFile,7,0,11
TypeHandlerTest,testnstantiableEquals,4,0,12
TypeHandlerTest,testOpenFile,6,0,13
TypeHandlerTest,testRegister,13,0,14
Instantiable,equals,4,1,1
Instantiable,hashCode,4,0,2
UnrecognizedOptionExceptionTest,testConstructor,6,0,1
UtilTest,testStripLeadingAndTrailingQuotes,10,0,6
UtilTest,testStripLeadingHyphens,7,0,7
ValuesTest,setUp,42,0,1
ValuesTest,testCharSeparator,18,0,2
ValuesTest,testComplexValues,6,0,3
ValuesTest,testExtraArgs,4,0,4
ValuesTest,testMultipleArgValues,5,0,5
ValuesTest,testShortArgs,8,0,6
ValuesTest,testShortArgsWithValue,10,0,7
ValuesTest,testTwoArgValues,5,0,8
ValueTest,parsers,3,0,1
ValueTest,setUp,19,0,2
ValueTest,testLongNoArg,5,0,3
ValueTest,testLongNoArgWithOption,5,0,4
ValueTest,testLongOptionalArgValue,8,1,5
ValueTest,testLongOptionalArgValues,13,1,6
ValueTest,testLongOptionalArgValuesWithOption,13,1,7
ValueTest,testLongOptionalArgValueWithOption,8,1,8
ValueTest,testLongOptionalNArgValues,12,1,9
ValueTest,testLongOptionalNArgValuesWithOption,13,1,10
ValueTest,testLongOptionalNoValue,8,1,11
ValueTest,testLongOptionalNoValueWithOption,8,1,12
ValueTest,testLongWithArg,6,0,13
ValueTest,testLongWithArgWithOption,6,0,14
ValueTest,testShortNoArg,5,0,15
ValueTest,testShortNoArgWithOption,5,0,16
ValueTest,testShortOptionalArgNoValue,8,1,17
ValueTest,testShortOptionalArgNoValueWithOption,8,1,18
ValueTest,testShortOptionalArgValue,8,1,19
ValueTest,testShortOptionalArgValues,11,1,20
ValueTest,testShortOptionalArgValuesWithOption,13,1,21
ValueTest,testShortOptionalArgValueWithOption,10,1,22
ValueTest,testShortOptionalNArgValues,15,1,23
ValueTest,testShortOptionalNArgValuesSeparated,14,0,24
ValueTest,testShortOptionalNArgValuesWithOption,15,0,25
ValueTest,testShortWithArg,6,0,26
ValueTest,testShortWithArgWithOption,6,0,27
