类型,名称,包路径
类,AlreadySelectedException,org.apache.commons.cli
类,AmbiguousOptionException,org.apache.commons.cli
类,BasicParser,org.apache.commons.cli
类,Char,org.apache.commons.cli
类,CommandLine,org.apache.commons.cli
类,Builder,org.apache.commons.cli
接口,CommandLineParser,org.apache.commons.cli
接口,Converter,org.apache.commons.cli
类,DefaultParser,org.apache.commons.cli
类,Builder,org.apache.commons.cli
类,DeprecatedAttributes,org.apache.commons.cli
类,Builder,org.apache.commons.cli
类,GnuParser,org.apache.commons.cli
类,AbstractHelpFormatter,org.apache.commons.cli.help
类,Builder,org.apache.commons.cli.help
类,FilterHelpAppendable,org.apache.commons.cli.help
接口,HelpAppendable,org.apache.commons.cli.help
类,HelpFormatter,org.apache.commons.cli.help
类,Builder,org.apache.commons.cli.help
类,OptionFormatter,org.apache.commons.cli.help
类,Builder,org.apache.commons.cli.help
接口,TableDefinition,org.apache.commons.cli.help
类,TextHelpAppendable,org.apache.commons.cli.help
类,TextStyle,org.apache.commons.cli.help
类,Builder,org.apache.commons.cli.help
类,Util,org.apache.commons.cli.help
类,HelpFormatter,org.apache.commons.cli
类,Builder,org.apache.commons.cli
类,OptionComparator,org.apache.commons.cli
类,MissingArgumentException,org.apache.commons.cli
类,MissingOptionException,org.apache.commons.cli
类,Option,org.apache.commons.cli
类,Builder,org.apache.commons.cli
类,OptionBuilder,org.apache.commons.cli
类,OptionGroup,org.apache.commons.cli
类,Options,org.apache.commons.cli
类,OptionValidator,org.apache.commons.cli
类,ParseException,org.apache.commons.cli
类,Parser,org.apache.commons.cli
类,PatternOptionBuilder,org.apache.commons.cli
类,PosixParser,org.apache.commons.cli
类,TypeHandler,org.apache.commons.cli
类,UnrecognizedOptionException,org.apache.commons.cli
类,Util,org.apache.commons.cli
类,AbstractParserTestCase,org.apache.commons.cli
类,AlreadySelectedExceptionTest,org.apache.commons.cli
类,ApplicationTest,org.apache.commons.cli
类,ArgumentIsOptionTest,org.apache.commons.cli
类,BasicParserTest,org.apache.commons.cli
类,BugCLI133Test,org.apache.commons.cli.bug
类,BugCLI13Test,org.apache.commons.cli.bug
类,BugCLI148Test,org.apache.commons.cli.bug
类,BugCLI162Test,org.apache.commons.cli.bug
类,BugCLI18Test,org.apache.commons.cli.bug
类,BugCLI252Test,org.apache.commons.cli.bug
类,BugCLI265Test,org.apache.commons.cli.bug
类,BugCLI266Test,org.apache.commons.cli.bug
类,BugCLI312Test,org.apache.commons.cli.bug
类,BugCLI325Test,org.apache.commons.cli.bug
类,BugCLI71Test,org.apache.commons.cli.bug
类,BugsTest,org.apache.commons.cli.bug
类,CommandLineTest,org.apache.commons.cli
类,ConverterTests,org.apache.commons.cli
类,AClassWithoutADefaultConstructor,org.apache.commons.cli
类,DefaultParserTest,org.apache.commons.cli
类,ExternalArgumentsProvider,org.apache.commons.cli
类,DeprecatedAttributesTest,org.apache.commons.cli
类,DisablePartialMatchingTest,org.apache.commons.cli
类,AptHelpAppendable,org.apache.commons.cli.example
类,AptHelpAppendableTest,org.apache.commons.cli.example
类,WeirdOptionFormat,org.apache.commons.cli.example
类,XhtmlHelpAppendable,org.apache.commons.cli.example
类,XhtmlHelpAppendableTest,org.apache.commons.cli.example
类,GnuParserTest,org.apache.commons.cli
类,HelpFormatterTest,org.apache.commons.cli.help
类,OptionFormatterTest,org.apache.commons.cli.help
类,TextHelpAppendableTest,org.apache.commons.cli.help
类,TextStyleTests,org.apache.commons.cli.help
类,UtilTest,org.apache.commons.cli.help
类,HelpFormatterTest,org.apache.commons.cli
类,OptionBuilderTest,org.apache.commons.cli
类,OptionGroupTest,org.apache.commons.cli
类,OptionsTest,org.apache.commons.cli
类,OptionTest,org.apache.commons.cli
类,DefaultOption,org.apache.commons.cli
类,TestOption,org.apache.commons.cli
类,OptionValidatorTest,org.apache.commons.cli
类,ParseExceptionTest,org.apache.commons.cli
类,PatternOptionBuilderTest,org.apache.commons.cli
类,PosixParserTest,org.apache.commons.cli
类,SolrCliTest,org.apache.commons.cli
类,SolrCreateToolTest,org.apache.commons.cli
类,TypeHandlerTest,org.apache.commons.cli
类,Instantiable,org.apache.commons.cli
类,NotInstantiable,org.apache.commons.cli
类,UnrecognizedOptionExceptionTest,org.apache.commons.cli
类,UtilTest,org.apache.commons.cli
类,ValuesTest,org.apache.commons.cli
类,ValueTest,org.apache.commons.cli
