类型,名称,包路径
类,AccurateMath,org.apache.commons.math4.core.jdkmath
类,Split,org.apache.commons.math4.core.jdkmath
类,ExpIntTable,org.apache.commons.math4.core.jdkmath
类,ExpFracTable,org.apache.commons.math4.core.jdkmath
类,lnMant,org.apache.commons.math4.core.jdkmath
类,CodyWaite,org.apache.commons.math4.core.jdkmath
类,AccurateMathCalc,org.apache.commons.math4.core.jdkmath
类,AccurateMathLiteralArrays,org.apache.commons.math4.core.jdkmath
类,JdkMath,org.apache.commons.math4.core.jdkmath
接口,FloatUnaryOperator,org.apache.commons.math4.core.jdkmath
接口,FloatBinaryOperator,org.apache.commons.math4.core.jdkmath
接口,FloatDouble2FloatOperator,org.apache.commons.math4.core.jdkmath
接口,FloatToIntFunction,org.apache.commons.math4.core.jdkmath
接口,FloatInt2FloatOperator,org.apache.commons.math4.core.jdkmath
接口,DoubleInt2DoubleOperator,org.apache.commons.math4.core.jdkmath
类,JdkMathTest,org.apache.commons.math4.core.jdkmath
类,ImageData,org.apache.commons.math4.examples.kmeans.image
类,PixelClusterable,org.apache.commons.math4.examples.kmeans.image
类,StandAlone,org.apache.commons.math4.examples.kmeans.image
类,ChineseRings,org.apache.commons.math4.examples.sofm.chineserings
类,ChineseRingsClassifier,org.apache.commons.math4.examples.sofm.chineserings
类,StandAlone,org.apache.commons.math4.examples.sofm.chineserings
类,StandAlone,org.apache.commons.math3.examples.neuralnet.sofm.tsp
类,City,org.apache.commons.math4.examples.sofm.tsp
类,StandAlone,org.apache.commons.math4.examples.sofm.tsp
类,TravellingSalesmanSolver,org.apache.commons.math4.examples.sofm.tsp
类,HarmonicOscillator,org.apache.commons.math4.examples.sofm.tsp
接口,BivariateFunction,org.apache.commons.math4.legacy.analysis
类,DerivativeStructure,org.apache.commons.math4.legacy.analysis.differentiation
类,DSCompiler,org.apache.commons.math4.legacy.analysis.differentiation
类,FiniteDifferencesDifferentiator,org.apache.commons.math4.legacy.analysis.differentiation
类,GradientFunction,org.apache.commons.math4.legacy.analysis.differentiation
类,JacobianFunction,org.apache.commons.math4.legacy.analysis.differentiation
接口,MultivariateDifferentiableFunction,org.apache.commons.math4.legacy.analysis.differentiation
接口,MultivariateDifferentiableVectorFunction,org.apache.commons.math4.legacy.analysis.differentiation
类,SparseGradient,org.apache.commons.math4.legacy.analysis.differentiation
接口,UnivariateDifferentiableFunction,org.apache.commons.math4.legacy.analysis.differentiation
接口,UnivariateDifferentiableMatrixFunction,org.apache.commons.math4.legacy.analysis.differentiation
接口,UnivariateDifferentiableVectorFunction,org.apache.commons.math4.legacy.analysis.differentiation
接口,UnivariateFunctionDifferentiator,org.apache.commons.math4.legacy.analysis.differentiation
接口,UnivariateMatrixFunctionDifferentiator,org.apache.commons.math4.legacy.analysis.differentiation
接口,UnivariateVectorFunctionDifferentiator,org.apache.commons.math4.legacy.analysis.differentiation
类,Abs,org.apache.commons.math4.legacy.analysis.function
类,Acos,org.apache.commons.math4.legacy.analysis.function
类,Acosh,org.apache.commons.math4.legacy.analysis.function
类,Add,org.apache.commons.math4.legacy.analysis.function
类,Asin,org.apache.commons.math4.legacy.analysis.function
类,Asinh,org.apache.commons.math4.legacy.analysis.function
类,Atan,org.apache.commons.math4.legacy.analysis.function
类,Atan2,org.apache.commons.math4.legacy.analysis.function
类,Atanh,org.apache.commons.math4.legacy.analysis.function
类,Cbrt,org.apache.commons.math4.legacy.analysis.function
类,Ceil,org.apache.commons.math4.legacy.analysis.function
类,Constant,org.apache.commons.math4.legacy.analysis.function
类,Cos,org.apache.commons.math4.legacy.analysis.function
类,Cosh,org.apache.commons.math4.legacy.analysis.function
类,Divide,org.apache.commons.math4.legacy.analysis.function
类,Exp,org.apache.commons.math4.legacy.analysis.function
类,Expm1,org.apache.commons.math4.legacy.analysis.function
类,Floor,org.apache.commons.math4.legacy.analysis.function
类,Gaussian,org.apache.commons.math4.legacy.analysis.function
类,Parametric,org.apache.commons.math4.legacy.analysis.function
类,HarmonicOscillator,org.apache.commons.math4.legacy.analysis.function
类,Parametric,org.apache.commons.math4.legacy.analysis.function
类,Identity,org.apache.commons.math4.legacy.analysis.function
类,Inverse,org.apache.commons.math4.legacy.analysis.function
类,Log,org.apache.commons.math4.legacy.analysis.function
类,Log10,org.apache.commons.math4.legacy.analysis.function
类,Log1p,org.apache.commons.math4.legacy.analysis.function
类,Logistic,org.apache.commons.math4.legacy.analysis.function
类,Parametric,org.apache.commons.math4.legacy.analysis.function
类,Logit,org.apache.commons.math4.legacy.analysis.function
类,Parametric,org.apache.commons.math4.legacy.analysis.function
类,Max,org.apache.commons.math4.legacy.analysis.function
类,Min,org.apache.commons.math4.legacy.analysis.function
类,Minus,org.apache.commons.math4.legacy.analysis.function
类,Multiply,org.apache.commons.math4.legacy.analysis.function
类,Pow,org.apache.commons.math4.legacy.analysis.function
类,Power,org.apache.commons.math4.legacy.analysis.function
类,Rint,org.apache.commons.math4.legacy.analysis.function
类,Sigmoid,org.apache.commons.math4.legacy.analysis.function
类,Parametric,org.apache.commons.math4.legacy.analysis.function
类,Signum,org.apache.commons.math4.legacy.analysis.function
类,Sin,org.apache.commons.math4.legacy.analysis.function
类,Sinc,org.apache.commons.math4.legacy.analysis.function
类,Sinh,org.apache.commons.math4.legacy.analysis.function
类,Sqrt,org.apache.commons.math4.legacy.analysis.function
类,StepFunction,org.apache.commons.math4.legacy.analysis.function
类,Subtract,org.apache.commons.math4.legacy.analysis.function
类,Tan,org.apache.commons.math4.legacy.analysis.function
类,Tanh,org.apache.commons.math4.legacy.analysis.function
类,Ulp,org.apache.commons.math4.legacy.analysis.function
类,FunctionUtils,org.apache.commons.math4.legacy.analysis
类,BaseAbstractUnivariateIntegrator,org.apache.commons.math4.legacy.analysis.integration
类,BaseRuleFactory,org.apache.commons.math4.legacy.analysis.integration.gauss
类,GaussIntegrator,org.apache.commons.math4.legacy.analysis.integration.gauss
类,GaussIntegratorFactory,org.apache.commons.math4.legacy.analysis.integration.gauss
类,HermiteRuleFactory,org.apache.commons.math4.legacy.analysis.integration.gauss
类,LaguerreRuleFactory,org.apache.commons.math4.legacy.analysis.integration.gauss
类,LegendreHighPrecisionRuleFactory,org.apache.commons.math4.legacy.analysis.integration.gauss
类,LegendreRuleFactory,org.apache.commons.math4.legacy.analysis.integration.gauss
类,SymmetricGaussIntegrator,org.apache.commons.math4.legacy.analysis.integration.gauss
类,IterativeLegendreGaussIntegrator,org.apache.commons.math4.legacy.analysis.integration
类,MidPointIntegrator,org.apache.commons.math4.legacy.analysis.integration
类,RombergIntegrator,org.apache.commons.math4.legacy.analysis.integration
类,SimpsonIntegrator,org.apache.commons.math4.legacy.analysis.integration
类,TrapezoidIntegrator,org.apache.commons.math4.legacy.analysis.integration
接口,UnivariateIntegrator,org.apache.commons.math4.legacy.analysis.integration
类,AkimaSplineInterpolator,org.apache.commons.math4.legacy.analysis.interpolation
类,BicubicInterpolatingFunction,org.apache.commons.math4.legacy.analysis.interpolation
类,BicubicFunction,org.apache.commons.math4.legacy.analysis.interpolation
类,BicubicInterpolator,org.apache.commons.math4.legacy.analysis.interpolation
接口,BivariateGridInterpolator,org.apache.commons.math4.legacy.analysis.interpolation
类,ClampedSplineInterpolator,org.apache.commons.math4.legacy.analysis.interpolation
类,DividedDifferenceInterpolator,org.apache.commons.math4.legacy.analysis.interpolation
类,FieldHermiteInterpolator,org.apache.commons.math4.legacy.analysis.interpolation
类,HermiteInterpolator,org.apache.commons.math4.legacy.analysis.interpolation
类,InterpolatingMicrosphere,org.apache.commons.math4.legacy.analysis.interpolation
类,Facet,org.apache.commons.math4.legacy.analysis.interpolation
类,FacetData,org.apache.commons.math4.legacy.analysis.interpolation
类,InterpolatingMicrosphere2D,org.apache.commons.math4.legacy.analysis.interpolation
类,LinearInterpolator,org.apache.commons.math4.legacy.analysis.interpolation
类,LoessInterpolator,org.apache.commons.math4.legacy.analysis.interpolation
类,MicrosphereProjectionInterpolator,org.apache.commons.math4.legacy.analysis.interpolation
接口,MultivariateInterpolator,org.apache.commons.math4.legacy.analysis.interpolation
类,NevilleInterpolator,org.apache.commons.math4.legacy.analysis.interpolation
类,PiecewiseBicubicSplineInterpolatingFunction,org.apache.commons.math4.legacy.analysis.interpolation
类,PiecewiseBicubicSplineInterpolator,org.apache.commons.math4.legacy.analysis.interpolation
类,SplineInterpolator,org.apache.commons.math4.legacy.analysis.interpolation
类,TricubicInterpolatingFunction,org.apache.commons.math4.legacy.analysis.interpolation
类,TricubicFunction,org.apache.commons.math4.legacy.analysis.interpolation
类,TricubicInterpolator,org.apache.commons.math4.legacy.analysis.interpolation
接口,TrivariateGridInterpolator,org.apache.commons.math4.legacy.analysis.interpolation
接口,UnivariateInterpolator,org.apache.commons.math4.legacy.analysis.interpolation
类,UnivariatePeriodicInterpolator,org.apache.commons.math4.legacy.analysis.interpolation
接口,MultivariateFunction,org.apache.commons.math4.legacy.analysis
接口,MultivariateMatrixFunction,org.apache.commons.math4.legacy.analysis
接口,MultivariateVectorFunction,org.apache.commons.math4.legacy.analysis
接口,ParametricUnivariateFunction,org.apache.commons.math4.legacy.analysis
类,PolynomialFunction,org.apache.commons.math4.legacy.analysis.polynomials
类,Parametric,org.apache.commons.math4.legacy.analysis.polynomials
类,PolynomialFunctionLagrangeForm,org.apache.commons.math4.legacy.analysis.polynomials
类,PolynomialFunctionNewtonForm,org.apache.commons.math4.legacy.analysis.polynomials
类,PolynomialSplineFunction,org.apache.commons.math4.legacy.analysis.polynomials
类,PolynomialsUtils,org.apache.commons.math4.legacy.analysis.polynomials
类,JacobiKey,org.apache.commons.math4.legacy.analysis.polynomials
接口,RecurrenceCoefficientsGenerator,org.apache.commons.math4.legacy.analysis.polynomials
接口,RealFieldUnivariateFunction,org.apache.commons.math4.legacy.analysis
类,AbstractPolynomialSolver,org.apache.commons.math4.legacy.analysis.solvers
类,AbstractUnivariateDifferentiableSolver,org.apache.commons.math4.legacy.analysis.solvers
类,AbstractUnivariateSolver,org.apache.commons.math4.legacy.analysis.solvers
类,BaseAbstractUnivariateSolver,org.apache.commons.math4.legacy.analysis.solvers
类,BaseSecantSolver,org.apache.commons.math4.legacy.analysis.solvers
接口,BaseUnivariateSolver,org.apache.commons.math4.legacy.analysis.solvers
类,BisectionSolver,org.apache.commons.math4.legacy.analysis.solvers
接口,BracketedRealFieldUnivariateSolver,org.apache.commons.math4.legacy.analysis.solvers
接口,BracketedUnivariateSolver,org.apache.commons.math4.legacy.analysis.solvers
类,BracketingNthOrderBrentSolver,org.apache.commons.math4.legacy.analysis.solvers
类,BrentSolver,org.apache.commons.math4.legacy.analysis.solvers
类,FieldBracketingNthOrderBrentSolver,org.apache.commons.math4.legacy.analysis.solvers
类,IllinoisSolver,org.apache.commons.math4.legacy.analysis.solvers
类,LaguerreSolver,org.apache.commons.math4.legacy.analysis.solvers
类,ComplexSolver,org.apache.commons.math4.legacy.analysis.solvers
类,MullerSolver,org.apache.commons.math4.legacy.analysis.solvers
类,MullerSolver2,org.apache.commons.math4.legacy.analysis.solvers
类,NewtonRaphsonSolver,org.apache.commons.math4.legacy.analysis.solvers
类,PegasusSolver,org.apache.commons.math4.legacy.analysis.solvers
接口,PolynomialSolver,org.apache.commons.math4.legacy.analysis.solvers
类,RegulaFalsiSolver,org.apache.commons.math4.legacy.analysis.solvers
类,RiddersSolver,org.apache.commons.math4.legacy.analysis.solvers
类,SecantSolver,org.apache.commons.math4.legacy.analysis.solvers
接口,UnivariateDifferentiableSolver,org.apache.commons.math4.legacy.analysis.solvers
接口,UnivariateSolver,org.apache.commons.math4.legacy.analysis.solvers
类,UnivariateSolverUtils,org.apache.commons.math4.legacy.analysis.solvers
接口,TrivariateFunction,org.apache.commons.math4.legacy.analysis
接口,UnivariateFunction,org.apache.commons.math4.legacy.analysis
接口,UnivariateMatrixFunction,org.apache.commons.math4.legacy.analysis
接口,UnivariateVectorFunction,org.apache.commons.math4.legacy.analysis
类,AbstractIntegerDistribution,org.apache.commons.math4.legacy.distribution
类,AbstractMultivariateRealDistribution,org.apache.commons.math4.legacy.distribution
类,AbstractRealDistribution,org.apache.commons.math4.legacy.distribution
类,EmpiricalDistribution,org.apache.commons.math4.legacy.distribution
类,ConstantContinuousDistribution,org.apache.commons.math4.legacy.distribution
类,EnumeratedDistribution,org.apache.commons.math4.legacy.distribution
类,Sampler,org.apache.commons.math4.legacy.distribution
类,EnumeratedIntegerDistribution,org.apache.commons.math4.legacy.distribution
类,EnumeratedRealDistribution,org.apache.commons.math4.legacy.distribution
类,MultivariateNormalMixtureExpectationMaximization,org.apache.commons.math4.legacy.distribution.fitting
类,DataRow,org.apache.commons.math4.legacy.distribution.fitting
类,MixtureMultivariateNormalDistribution,org.apache.commons.math4.legacy.distribution
类,MixtureMultivariateRealDistribution,org.apache.commons.math4.legacy.distribution
类,MixtureSampler,org.apache.commons.math4.legacy.distribution
类,MultivariateNormalDistribution,org.apache.commons.math4.legacy.distribution
接口,MultivariateRealDistribution,org.apache.commons.math4.legacy.distribution
接口,Sampler,org.apache.commons.math4.legacy.distribution
接口,FieldDecompositionSolver,org.apache.commons.math4.legacy.field.linalg
类,FieldDenseMatrix,org.apache.commons.math4.legacy.field.linalg
类,FieldLUDecomposition,org.apache.commons.math4.legacy.field.linalg
类,Solver,org.apache.commons.math4.legacy.field.linalg
类,DefaultMeasurementModel,org.apache.commons.math4.legacy.filter
类,DefaultProcessModel,org.apache.commons.math4.legacy.filter
类,KalmanFilter,org.apache.commons.math4.legacy.filter
接口,MeasurementModel,org.apache.commons.math4.legacy.filter
接口,ProcessModel,org.apache.commons.math4.legacy.filter
类,AbstractCurveFitter,org.apache.commons.math4.legacy.fitting
类,TheoreticalValuesFunction,org.apache.commons.math4.legacy.fitting
类,GaussianCurveFitter,org.apache.commons.math4.legacy.fitting
类,ParameterGuesser,org.apache.commons.math4.legacy.fitting
类,HarmonicCurveFitter,org.apache.commons.math4.legacy.fitting
类,ParameterGuesser,org.apache.commons.math4.legacy.fitting
类,AbstractEvaluation,org.apache.commons.math4.legacy.fitting.leastsquares
类,DenseWeightedEvaluation,org.apache.commons.math4.legacy.fitting.leastsquares
类,DifferentiatorVectorMultivariateJacobianFunction,org.apache.commons.math4.legacy.fitting.leastsquares
类,EvaluationRmsChecker,org.apache.commons.math4.legacy.fitting.leastsquares
类,GaussNewtonOptimizer,org.apache.commons.math4.legacy.fitting.leastsquares
类,LeastSquaresAdapter,org.apache.commons.math4.legacy.fitting.leastsquares
类,LeastSquaresBuilder,org.apache.commons.math4.legacy.fitting.leastsquares
类,LeastSquaresFactory,org.apache.commons.math4.legacy.fitting.leastsquares
类,LocalValueAndJacobianFunction,org.apache.commons.math4.legacy.fitting.leastsquares
类,LocalLeastSquaresProblem,org.apache.commons.math4.legacy.fitting.leastsquares
类,UnweightedEvaluation,org.apache.commons.math4.legacy.fitting.leastsquares
类,LazyUnweightedEvaluation,org.apache.commons.math4.legacy.fitting.leastsquares
接口,LeastSquaresOptimizer,org.apache.commons.math4.legacy.fitting.leastsquares
接口,Optimum,org.apache.commons.math4.legacy.fitting.leastsquares
接口,LeastSquaresProblem,org.apache.commons.math4.legacy.fitting.leastsquares
接口,Evaluation,org.apache.commons.math4.legacy.fitting.leastsquares
类,LevenbergMarquardtOptimizer,org.apache.commons.math4.legacy.fitting.leastsquares
类,InternalData,org.apache.commons.math4.legacy.fitting.leastsquares
接口,MultivariateJacobianFunction,org.apache.commons.math4.legacy.fitting.leastsquares
类,OptimumImpl,org.apache.commons.math4.legacy.fitting.leastsquares
接口,ParameterValidator,org.apache.commons.math4.legacy.fitting.leastsquares
接口,ValueAndJacobianFunction,org.apache.commons.math4.legacy.fitting.leastsquares
类,PolynomialCurveFitter,org.apache.commons.math4.legacy.fitting
类,SimpleCurveFitter,org.apache.commons.math4.legacy.fitting
类,ParameterGuesser,org.apache.commons.math4.legacy.fitting
类,WeightedObservedPoint,org.apache.commons.math4.legacy.fitting
类,WeightedObservedPoints,org.apache.commons.math4.legacy.fitting
类,AbstractListChromosome,org.apache.commons.math4.legacy.genetics
类,BinaryChromosome,org.apache.commons.math4.legacy.genetics
类,BinaryMutation,org.apache.commons.math4.legacy.genetics
类,Chromosome,org.apache.commons.math4.legacy.genetics
类,ChromosomePair,org.apache.commons.math4.legacy.genetics
接口,CrossoverPolicy,org.apache.commons.math4.legacy.genetics
类,CycleCrossover,org.apache.commons.math4.legacy.genetics
类,ElitisticListPopulation,org.apache.commons.math4.legacy.genetics
接口,Fitness,org.apache.commons.math4.legacy.genetics
类,FixedElapsedTime,org.apache.commons.math4.legacy.genetics
类,FixedGenerationCount,org.apache.commons.math4.legacy.genetics
类,GeneticAlgorithm,org.apache.commons.math4.legacy.genetics
类,InvalidRepresentationException,org.apache.commons.math4.legacy.genetics
类,ListPopulation,org.apache.commons.math4.legacy.genetics
接口,MutationPolicy,org.apache.commons.math4.legacy.genetics
类,NPointCrossover,org.apache.commons.math4.legacy.genetics
类,OnePointCrossover,org.apache.commons.math4.legacy.genetics
类,OrderedCrossover,org.apache.commons.math4.legacy.genetics
接口,PermutationChromosome,org.apache.commons.math4.legacy.genetics
接口,Population,org.apache.commons.math4.legacy.genetics
类,RandomKey,org.apache.commons.math4.legacy.genetics
类,RandomKeyMutation,org.apache.commons.math4.legacy.genetics
接口,SelectionPolicy,org.apache.commons.math4.legacy.genetics
接口,StoppingCondition,org.apache.commons.math4.legacy.genetics
类,TournamentSelection,org.apache.commons.math4.legacy.genetics
类,UniformCrossover,org.apache.commons.math4.legacy.genetics
类,AbstractFieldMatrix,org.apache.commons.math4.legacy.linear
类,AbstractRealMatrix,org.apache.commons.math4.legacy.linear
接口,AnyMatrix,org.apache.commons.math4.legacy.linear
类,Array2DRowFieldMatrix,org.apache.commons.math4.legacy.linear
类,Array2DRowRealMatrix,org.apache.commons.math4.legacy.linear
类,ArrayFieldVector,org.apache.commons.math4.legacy.linear
类,ArrayRealVector,org.apache.commons.math4.legacy.linear
类,BiDiagonalTransformer,org.apache.commons.math4.legacy.linear
类,BigReal,org.apache.commons.math4.legacy.linear
类,BigRealField,org.apache.commons.math4.legacy.linear
类,LazyHolder,org.apache.commons.math4.legacy.linear
类,BlockFieldMatrix,org.apache.commons.math4.legacy.linear
类,BlockRealMatrix,org.apache.commons.math4.legacy.linear
类,CholeskyDecomposition,org.apache.commons.math4.legacy.linear
类,Solver,org.apache.commons.math4.legacy.linear
类,ConjugateGradient,org.apache.commons.math4.legacy.linear
接口,DecompositionSolver,org.apache.commons.math4.legacy.linear
类,DefaultFieldMatrixChangingVisitor,org.apache.commons.math4.legacy.linear
类,DefaultFieldMatrixPreservingVisitor,org.apache.commons.math4.legacy.linear
类,DefaultIterativeLinearSolverEvent,org.apache.commons.math4.legacy.linear
类,DefaultRealMatrixChangingVisitor,org.apache.commons.math4.legacy.linear
类,DefaultRealMatrixPreservingVisitor,org.apache.commons.math4.legacy.linear
类,DiagonalMatrix,org.apache.commons.math4.legacy.linear
类,EigenDecomposition,org.apache.commons.math4.legacy.linear
类,Solver,org.apache.commons.math4.legacy.linear
接口,FieldDecompositionSolver,org.apache.commons.math4.legacy.linear
类,FieldLUDecomposition,org.apache.commons.math4.legacy.linear
类,Solver,org.apache.commons.math4.legacy.linear
接口,FieldMatrix,org.apache.commons.math4.legacy.linear
接口,FieldMatrixChangingVisitor,org.apache.commons.math4.legacy.linear
接口,FieldMatrixPreservingVisitor,org.apache.commons.math4.legacy.linear
接口,FieldVector,org.apache.commons.math4.legacy.linear
接口,FieldVectorChangingVisitor,org.apache.commons.math4.legacy.linear
接口,FieldVectorPreservingVisitor,org.apache.commons.math4.legacy.linear
类,HessenbergTransformer,org.apache.commons.math4.legacy.linear
类,IllConditionedOperatorException,org.apache.commons.math4.legacy.linear
类,IterationEvent,org.apache.commons.math4.legacy.linear
接口,IterationListener,org.apache.commons.math4.legacy.linear
类,IterationManager,org.apache.commons.math4.legacy.linear
类,IterativeLinearSolver,org.apache.commons.math4.legacy.linear
类,IterativeLinearSolverEvent,org.apache.commons.math4.legacy.linear
类,JacobiPreconditioner,org.apache.commons.math4.legacy.linear
类,LUDecomposition,org.apache.commons.math4.legacy.linear
类,Solver,org.apache.commons.math4.legacy.linear
类,MatrixDimensionMismatchException,org.apache.commons.math4.legacy.linear
类,MatrixUtils,org.apache.commons.math4.legacy.linear
类,NonPositiveDefiniteMatrixException,org.apache.commons.math4.legacy.linear
类,NonPositiveDefiniteOperatorException,org.apache.commons.math4.legacy.linear
类,NonSelfAdjointOperatorException,org.apache.commons.math4.legacy.linear
类,NonSquareMatrixException,org.apache.commons.math4.legacy.linear
类,NonSquareOperatorException,org.apache.commons.math4.legacy.linear
类,NonSymmetricMatrixException,org.apache.commons.math4.legacy.linear
类,OpenIntToDoubleHashMap,org.apache.commons.math4.legacy.linear
类,Iterator,org.apache.commons.math4.legacy.linear
类,OpenIntToFieldHashMap,org.apache.commons.math4.legacy.linear
类,Iterator,org.apache.commons.math4.legacy.linear
类,OpenMapRealMatrix,org.apache.commons.math4.legacy.linear
类,OpenMapRealVector,org.apache.commons.math4.legacy.linear
类,OpenMapEntry,org.apache.commons.math4.legacy.linear
类,OpenMapSparseIterator,org.apache.commons.math4.legacy.linear
类,PreconditionedIterativeLinearSolver,org.apache.commons.math4.legacy.linear
类,QRDecomposition,org.apache.commons.math4.legacy.linear
类,Solver,org.apache.commons.math4.legacy.linear
类,RealLinearOperator,org.apache.commons.math4.legacy.linear
接口,RealMatrix,org.apache.commons.math4.legacy.linear
接口,RealMatrixChangingVisitor,org.apache.commons.math4.legacy.linear
类,RealMatrixFormat,org.apache.commons.math4.legacy.linear
接口,RealMatrixPreservingVisitor,org.apache.commons.math4.legacy.linear
类,RealVector,org.apache.commons.math4.legacy.linear
类,Entry,org.apache.commons.math4.legacy.linear
类,SparseEntryIterator,org.apache.commons.math4.legacy.linear
类,UnmodifiableEntry,org.apache.commons.math4.legacy.linear
接口,RealVectorChangingVisitor,org.apache.commons.math4.legacy.linear
类,RealVectorFormat,org.apache.commons.math4.legacy.linear
接口,RealVectorPreservingVisitor,org.apache.commons.math4.legacy.linear
类,RectangularCholeskyDecomposition,org.apache.commons.math4.legacy.linear
类,RRQRDecomposition,org.apache.commons.math4.legacy.linear
类,Solver,org.apache.commons.math4.legacy.linear
类,SchurTransformer,org.apache.commons.math4.legacy.linear
类,ShiftInfo,org.apache.commons.math4.legacy.linear
类,SingularMatrixException,org.apache.commons.math4.legacy.linear
类,SingularOperatorException,org.apache.commons.math4.legacy.linear
类,SingularValueDecomposition,org.apache.commons.math4.legacy.linear
类,Solver,org.apache.commons.math4.legacy.linear
类,SparseFieldMatrix,org.apache.commons.math4.legacy.linear
类,SparseFieldVector,org.apache.commons.math4.legacy.linear
接口,SparseRealMatrix,org.apache.commons.math4.legacy.linear
类,SparseRealVector,org.apache.commons.math4.legacy.linear
类,SymmLQ,org.apache.commons.math4.legacy.linear
类,State,org.apache.commons.math4.legacy.linear
类,TriDiagonalTransformer,org.apache.commons.math4.legacy.linear
类,CentroidCluster,org.apache.commons.math4.legacy.ml.clustering
类,Cluster,org.apache.commons.math4.legacy.ml.clustering
接口,Clusterable,org.apache.commons.math4.legacy.ml.clustering
类,Clusterer,org.apache.commons.math4.legacy.ml.clustering
接口,ClusterEvaluator,org.apache.commons.math4.legacy.ml.clustering
接口,ClusterRanking,org.apache.commons.math4.legacy.ml.clustering
类,DBSCANClusterer,org.apache.commons.math4.legacy.ml.clustering
类,DoublePoint,org.apache.commons.math4.legacy.ml.clustering
类,ElkanKMeansPlusPlusClusterer,org.apache.commons.math4.legacy.ml.clustering
类,CalinskiHarabasz,org.apache.commons.math4.legacy.ml.clustering.evaluation
类,SumOfClusterVariances,org.apache.commons.math4.legacy.ml.clustering.evaluation
类,FuzzyKMeansClusterer,org.apache.commons.math4.legacy.ml.clustering
类,KMeansPlusPlusClusterer,org.apache.commons.math4.legacy.ml.clustering
类,MiniBatchKMeansClusterer,org.apache.commons.math4.legacy.ml.clustering
类,ImprovementEvaluator,org.apache.commons.math4.legacy.ml.clustering
类,MultiKMeansPlusPlusClusterer,org.apache.commons.math4.legacy.ml.clustering
类,CanberraDistance,org.apache.commons.math4.legacy.ml.distance
类,ChebyshevDistance,org.apache.commons.math4.legacy.ml.distance
接口,DistanceMeasure,org.apache.commons.math4.legacy.ml.distance
类,EarthMoversDistance,org.apache.commons.math4.legacy.ml.distance
类,EuclideanDistance,org.apache.commons.math4.legacy.ml.distance
类,ManhattanDistance,org.apache.commons.math4.legacy.ml.distance
类,AbstractFieldIntegrator,org.apache.commons.math4.legacy.ode
类,AbstractIntegrator,org.apache.commons.math4.legacy.ode
类,AbstractParameterizable,org.apache.commons.math4.legacy.ode
类,ContinuousOutputFieldModel,org.apache.commons.math4.legacy.ode
类,ContinuousOutputModel,org.apache.commons.math4.legacy.ode
类,EquationsMapper,org.apache.commons.math4.legacy.ode
类,EventFilter,org.apache.commons.math4.legacy.ode.events
接口,EventHandler,org.apache.commons.math4.legacy.ode.events
类,EventState,org.apache.commons.math4.legacy.ode.events
类,LocalMaxCountExceededException,org.apache.commons.math4.legacy.ode.events
接口,FieldEventHandler,org.apache.commons.math4.legacy.ode.events
类,FieldEventState,org.apache.commons.math4.legacy.ode.events
类,ExpandableStatefulODE,org.apache.commons.math4.legacy.ode
类,SecondaryComponent,org.apache.commons.math4.legacy.ode
类,FieldEquationsMapper,org.apache.commons.math4.legacy.ode
类,FieldExpandableODE,org.apache.commons.math4.legacy.ode
类,FieldODEState,org.apache.commons.math4.legacy.ode
类,FieldODEStateAndDerivative,org.apache.commons.math4.legacy.ode
接口,FieldSecondaryEquations,org.apache.commons.math4.legacy.ode
类,FirstOrderConverter,org.apache.commons.math4.legacy.ode
接口,FirstOrderDifferentialEquations,org.apache.commons.math4.legacy.ode
接口,FirstOrderFieldDifferentialEquations,org.apache.commons.math4.legacy.ode
接口,FirstOrderFieldIntegrator,org.apache.commons.math4.legacy.ode
接口,FirstOrderIntegrator,org.apache.commons.math4.legacy.ode
类,JacobianMatrices,org.apache.commons.math4.legacy.ode
类,JacobiansSecondaryEquations,org.apache.commons.math4.legacy.ode
类,MainStateJacobianWrapper,org.apache.commons.math4.legacy.ode
类,MismatchedEquations,org.apache.commons.math4.legacy.ode
接口,MainStateJacobianProvider,org.apache.commons.math4.legacy.ode
类,MultistepFieldIntegrator,org.apache.commons.math4.legacy.ode
类,FieldNordsieckInitializer,org.apache.commons.math4.legacy.ode
类,InitializationCompletedMarkerException,org.apache.commons.math4.legacy.ode
类,MultistepIntegrator,org.apache.commons.math4.legacy.ode
接口,NordsieckTransformer,org.apache.commons.math4.legacy.ode
类,NordsieckInitializer,org.apache.commons.math4.legacy.ode
类,InitializationCompletedMarkerException,org.apache.commons.math4.legacy.ode
类,AdamsBashforthFieldIntegrator,org.apache.commons.math4.legacy.ode.nonstiff
类,AdamsBashforthIntegrator,org.apache.commons.math4.legacy.ode.nonstiff
类,AdamsFieldIntegrator,org.apache.commons.math4.legacy.ode.nonstiff
类,AdamsFieldStepInterpolator,org.apache.commons.math4.legacy.ode.nonstiff
类,AdamsIntegrator,org.apache.commons.math4.legacy.ode.nonstiff
类,AdamsMoultonFieldIntegrator,org.apache.commons.math4.legacy.ode.nonstiff
类,Corrector,org.apache.commons.math4.legacy.ode.nonstiff
类,AdamsMoultonIntegrator,org.apache.commons.math4.legacy.ode.nonstiff
类,Corrector,org.apache.commons.math4.legacy.ode.nonstiff
类,AdamsNordsieckFieldTransformer,org.apache.commons.math4.legacy.ode.nonstiff
类,AdamsNordsieckTransformer,org.apache.commons.math4.legacy.ode.nonstiff
类,AdaptiveStepsizeFieldIntegrator,org.apache.commons.math4.legacy.ode.nonstiff
类,AdaptiveStepsizeIntegrator,org.apache.commons.math4.legacy.ode.nonstiff
类,ClassicalRungeKuttaFieldIntegrator,org.apache.commons.math4.legacy.ode.nonstiff
类,ClassicalRungeKuttaFieldStepInterpolator,org.apache.commons.math4.legacy.ode.nonstiff
类,ClassicalRungeKuttaIntegrator,org.apache.commons.math4.legacy.ode.nonstiff
类,ClassicalRungeKuttaStepInterpolator,org.apache.commons.math4.legacy.ode.nonstiff
类,DormandPrince54FieldIntegrator,org.apache.commons.math4.legacy.ode.nonstiff
类,DormandPrince54FieldStepInterpolator,org.apache.commons.math4.legacy.ode.nonstiff
类,DormandPrince54Integrator,org.apache.commons.math4.legacy.ode.nonstiff
类,DormandPrince54StepInterpolator,org.apache.commons.math4.legacy.ode.nonstiff
类,DormandPrince853FieldIntegrator,org.apache.commons.math4.legacy.ode.nonstiff
类,DormandPrince853FieldStepInterpolator,org.apache.commons.math4.legacy.ode.nonstiff
类,DormandPrince853Integrator,org.apache.commons.math4.legacy.ode.nonstiff
类,DormandPrince853StepInterpolator,org.apache.commons.math4.legacy.ode.nonstiff
类,EmbeddedRungeKuttaFieldIntegrator,org.apache.commons.math4.legacy.ode.nonstiff
类,EmbeddedRungeKuttaIntegrator,org.apache.commons.math4.legacy.ode.nonstiff
类,EulerFieldIntegrator,org.apache.commons.math4.legacy.ode.nonstiff
类,EulerFieldStepInterpolator,org.apache.commons.math4.legacy.ode.nonstiff
类,EulerIntegrator,org.apache.commons.math4.legacy.ode.nonstiff
类,EulerStepInterpolator,org.apache.commons.math4.legacy.ode.nonstiff
接口,FieldButcherArrayProvider,org.apache.commons.math4.legacy.ode.nonstiff
类,GillFieldIntegrator,org.apache.commons.math4.legacy.ode.nonstiff
类,GillFieldStepInterpolator,org.apache.commons.math4.legacy.ode.nonstiff
类,GillIntegrator,org.apache.commons.math4.legacy.ode.nonstiff
类,GillStepInterpolator,org.apache.commons.math4.legacy.ode.nonstiff
类,GraggBulirschStoerIntegrator,org.apache.commons.math4.legacy.ode.nonstiff
类,GraggBulirschStoerStepInterpolator,org.apache.commons.math4.legacy.ode.nonstiff
类,HighamHall54FieldIntegrator,org.apache.commons.math4.legacy.ode.nonstiff
类,HighamHall54FieldStepInterpolator,org.apache.commons.math4.legacy.ode.nonstiff
类,HighamHall54Integrator,org.apache.commons.math4.legacy.ode.nonstiff
类,HighamHall54StepInterpolator,org.apache.commons.math4.legacy.ode.nonstiff
类,LutherFieldIntegrator,org.apache.commons.math4.legacy.ode.nonstiff
类,LutherFieldStepInterpolator,org.apache.commons.math4.legacy.ode.nonstiff
类,LutherIntegrator,org.apache.commons.math4.legacy.ode.nonstiff
类,LutherStepInterpolator,org.apache.commons.math4.legacy.ode.nonstiff
类,MidpointFieldIntegrator,org.apache.commons.math4.legacy.ode.nonstiff
类,MidpointFieldStepInterpolator,org.apache.commons.math4.legacy.ode.nonstiff
类,MidpointIntegrator,org.apache.commons.math4.legacy.ode.nonstiff
类,MidpointStepInterpolator,org.apache.commons.math4.legacy.ode.nonstiff
类,RungeKuttaFieldIntegrator,org.apache.commons.math4.legacy.ode.nonstiff
类,RungeKuttaFieldStepInterpolator,org.apache.commons.math4.legacy.ode.nonstiff
类,RungeKuttaIntegrator,org.apache.commons.math4.legacy.ode.nonstiff
类,RungeKuttaStepInterpolator,org.apache.commons.math4.legacy.ode.nonstiff
类,ThreeEighthesFieldIntegrator,org.apache.commons.math4.legacy.ode.nonstiff
类,ThreeEighthesFieldStepInterpolator,org.apache.commons.math4.legacy.ode.nonstiff
类,ThreeEighthesIntegrator,org.apache.commons.math4.legacy.ode.nonstiff
类,ThreeEighthesStepInterpolator,org.apache.commons.math4.legacy.ode.nonstiff
接口,ODEIntegrator,org.apache.commons.math4.legacy.ode
类,ParameterConfiguration,org.apache.commons.math4.legacy.ode
接口,Parameterizable,org.apache.commons.math4.legacy.ode
接口,ParameterizedODE,org.apache.commons.math4.legacy.ode
类,ParameterizedWrapper,org.apache.commons.math4.legacy.ode
接口,ParameterJacobianProvider,org.apache.commons.math4.legacy.ode
类,ParameterJacobianWrapper,org.apache.commons.math4.legacy.ode
类,AbstractFieldStepInterpolator,org.apache.commons.math4.legacy.ode.sampling
类,AbstractStepInterpolator,org.apache.commons.math4.legacy.ode.sampling
类,DummyStepHandler,org.apache.commons.math4.legacy.ode.sampling
类,LazyHolder,org.apache.commons.math4.legacy.ode.sampling
接口,FieldFixedStepHandler,org.apache.commons.math4.legacy.ode.sampling
接口,FieldStepHandler,org.apache.commons.math4.legacy.ode.sampling
接口,FieldStepInterpolator,org.apache.commons.math4.legacy.ode.sampling
类,FieldStepNormalizer,org.apache.commons.math4.legacy.ode.sampling
接口,FixedStepHandler,org.apache.commons.math4.legacy.ode.sampling
类,NordsieckStepInterpolator,org.apache.commons.math4.legacy.ode.sampling
接口,StepHandler,org.apache.commons.math4.legacy.ode.sampling
接口,StepInterpolator,org.apache.commons.math4.legacy.ode.sampling
类,StepNormalizer,org.apache.commons.math4.legacy.ode.sampling
接口,SecondaryEquations,org.apache.commons.math4.legacy.ode
接口,SecondOrderDifferentialEquations,org.apache.commons.math4.legacy.ode
接口,SecondOrderIntegrator,org.apache.commons.math4.legacy.ode
类,UnknownParameterException,org.apache.commons.math4.legacy.ode
类,AbstractConvergenceChecker,org.apache.commons.math4.legacy.optim
类,AbstractOptimizationProblem,org.apache.commons.math4.legacy.optim
类,MaxEvalCallback,org.apache.commons.math4.legacy.optim
类,MaxIterCallback,org.apache.commons.math4.legacy.optim
类,BaseMultiStartMultivariateOptimizer,org.apache.commons.math4.legacy.optim
类,BaseMultivariateOptimizer,org.apache.commons.math4.legacy.optim
类,BaseOptimizer,org.apache.commons.math4.legacy.optim
类,MaxEvalCallback,org.apache.commons.math4.legacy.optim
类,MaxIterCallback,org.apache.commons.math4.legacy.optim
接口,ConvergenceChecker,org.apache.commons.math4.legacy.optim
类,InitialGuess,org.apache.commons.math4.legacy.optim
类,LinearConstraint,org.apache.commons.math4.legacy.optim.linear
类,LinearConstraintSet,org.apache.commons.math4.legacy.optim.linear
类,LinearObjectiveFunction,org.apache.commons.math4.legacy.optim.linear
类,LinearOptimizer,org.apache.commons.math4.legacy.optim.linear
类,NoFeasibleSolutionException,org.apache.commons.math4.legacy.optim.linear
类,NonNegativeConstraint,org.apache.commons.math4.legacy.optim.linear
类,SimplexSolver,org.apache.commons.math4.legacy.optim.linear
类,SimplexTableau,org.apache.commons.math4.legacy.optim.linear
类,SolutionCallback,org.apache.commons.math4.legacy.optim.linear
类,UnboundedSolutionException,org.apache.commons.math4.legacy.optim.linear
类,MaxEval,org.apache.commons.math4.legacy.optim
类,MaxIter,org.apache.commons.math4.legacy.optim
类,NonLinearConjugateGradientOptimizer,org.apache.commons.math4.legacy.optim.nonlinear.scalar.gradient
类,IdentityPreconditioner,org.apache.commons.math4.legacy.optim.nonlinear.scalar.gradient
接口,Preconditioner,org.apache.commons.math4.legacy.optim.nonlinear.scalar.gradient
类,GradientMultivariateOptimizer,org.apache.commons.math4.legacy.optim.nonlinear.scalar
类,LeastSquaresConverter,org.apache.commons.math4.legacy.optim.nonlinear.scalar
类,LineSearch,org.apache.commons.math4.legacy.optim.nonlinear.scalar
类,LineSearchTolerance,org.apache.commons.math4.legacy.optim.nonlinear.scalar
类,MultiStartMultivariateOptimizer,org.apache.commons.math4.legacy.optim.nonlinear.scalar
类,MultivariateFunctionMappingAdapter,org.apache.commons.math4.legacy.optim.nonlinear.scalar
接口,Mapper,org.apache.commons.math4.legacy.optim.nonlinear.scalar
类,NoBoundsMapper,org.apache.commons.math4.legacy.optim.nonlinear.scalar
类,LowerBoundMapper,org.apache.commons.math4.legacy.optim.nonlinear.scalar
类,UpperBoundMapper,org.apache.commons.math4.legacy.optim.nonlinear.scalar
类,LowerUpperBoundMapper,org.apache.commons.math4.legacy.optim.nonlinear.scalar
类,MultivariateFunctionPenaltyAdapter,org.apache.commons.math4.legacy.optim.nonlinear.scalar
类,MultivariateOptimizer,org.apache.commons.math4.legacy.optim.nonlinear.scalar
类,LineSearch,org.apache.commons.math4.legacy.optim.nonlinear.scalar
类,BOBYQAOptimizer,org.apache.commons.math4.legacy.optim.nonlinear.scalar.noderiv
类,PathIsExploredException,org.apache.commons.math4.legacy.optim.nonlinear.scalar.noderiv
类,CMAESOptimizer,org.apache.commons.math4.legacy.optim.nonlinear.scalar.noderiv
类,DoubleIndex,org.apache.commons.math4.legacy.optim.nonlinear.scalar.noderiv
类,ValuePenaltyPair,org.apache.commons.math4.legacy.optim.nonlinear.scalar.noderiv
类,FitnessFunction,org.apache.commons.math4.legacy.optim.nonlinear.scalar.noderiv
类,HedarFukushimaTransform,org.apache.commons.math4.legacy.optim.nonlinear.scalar.noderiv
类,MultiDirectionalTransform,org.apache.commons.math4.legacy.optim.nonlinear.scalar.noderiv
类,NelderMeadTransform,org.apache.commons.math4.legacy.optim.nonlinear.scalar.noderiv
类,PowellOptimizer,org.apache.commons.math4.legacy.optim.nonlinear.scalar.noderiv
类,Simplex,org.apache.commons.math4.legacy.optim.nonlinear.scalar.noderiv
接口,TransformFactory,org.apache.commons.math4.legacy.optim.nonlinear.scalar.noderiv
类,SimplexOptimizer,org.apache.commons.math4.legacy.optim.nonlinear.scalar.noderiv
接口,Observer,org.apache.commons.math4.legacy.optim.nonlinear.scalar.noderiv
类,ObjectiveFunction,org.apache.commons.math4.legacy.optim.nonlinear.scalar
类,ObjectiveFunctionGradient,org.apache.commons.math4.legacy.optim.nonlinear.scalar
类,PopulationSize,org.apache.commons.math4.legacy.optim.nonlinear.scalar
类,Sigma,org.apache.commons.math4.legacy.optim.nonlinear.scalar
类,SimulatedAnnealing,org.apache.commons.math4.legacy.optim.nonlinear.scalar
接口,CoolingSchedule,org.apache.commons.math4.legacy.optim.nonlinear.scalar
接口,OptimizationData,org.apache.commons.math4.legacy.optim
接口,OptimizationProblem,org.apache.commons.math4.legacy.optim
类,PointValuePair,org.apache.commons.math4.legacy.optim
类,PointVectorValuePair,org.apache.commons.math4.legacy.optim
类,SimpleBounds,org.apache.commons.math4.legacy.optim
类,SimplePointChecker,org.apache.commons.math4.legacy.optim
类,SimpleValueChecker,org.apache.commons.math4.legacy.optim
类,SimpleVectorValueChecker,org.apache.commons.math4.legacy.optim
类,Tolerance,org.apache.commons.math4.legacy.optim
类,BracketFinder,org.apache.commons.math4.legacy.optim.univariate
类,FunctionEvaluator,org.apache.commons.math4.legacy.optim.univariate
类,BrentOptimizer,org.apache.commons.math4.legacy.optim.univariate
类,MultiStartUnivariateOptimizer,org.apache.commons.math4.legacy.optim.univariate
类,SearchInterval,org.apache.commons.math4.legacy.optim.univariate
类,SimpleUnivariateValueChecker,org.apache.commons.math4.legacy.optim.univariate
类,UnivariateObjectiveFunction,org.apache.commons.math4.legacy.optim.univariate
类,UnivariateOptimizer,org.apache.commons.math4.legacy.optim.univariate
类,UnivariatePointValuePair,org.apache.commons.math4.legacy.optim.univariate
类,CorrelatedVectorFactory,org.apache.commons.math4.legacy.random
类,HaltonSequenceGenerator,org.apache.commons.math4.legacy.random
类,SobolSequenceGenerator,org.apache.commons.math4.legacy.random
类,BesselJ,org.apache.commons.math4.legacy.special
类,BesselJResult,org.apache.commons.math4.legacy.special
类,Covariance,org.apache.commons.math4.legacy.stat.correlation
类,KendallsCorrelation,org.apache.commons.math4.legacy.stat.correlation
类,PearsonsCorrelation,org.apache.commons.math4.legacy.stat.correlation
类,SpearmansCorrelation,org.apache.commons.math4.legacy.stat.correlation
类,StorelessBivariateCovariance,org.apache.commons.math4.legacy.stat.correlation
类,StorelessCovariance,org.apache.commons.math4.legacy.stat.correlation
类,AbstractStorelessUnivariateStatistic,org.apache.commons.math4.legacy.stat.descriptive
类,AbstractUnivariateStatistic,org.apache.commons.math4.legacy.stat.descriptive
类,AggregateSummaryStatistics,org.apache.commons.math4.legacy.stat.descriptive
类,AggregatingSummaryStatistics,org.apache.commons.math4.legacy.stat.descriptive
类,DescriptiveStatistics,org.apache.commons.math4.legacy.stat.descriptive
接口,DoubleArray,org.apache.commons.math4.legacy.stat.descriptive
类,SemiVariance,org.apache.commons.math4.legacy.stat.descriptive.moment
类,VectorialCovariance,org.apache.commons.math4.legacy.stat.descriptive.moment
类,VectorialMean,org.apache.commons.math4.legacy.stat.descriptive.moment
类,WeightedMean,org.apache.commons.math4.legacy.stat.descriptive.moment
类,WeightedVariance,org.apache.commons.math4.legacy.stat.descriptive.moment
类,MultivariateSummaryStatistics,org.apache.commons.math4.legacy.stat.descriptive
类,PSquarePercentile,org.apache.commons.math4.legacy.stat.descriptive.rank
类,Markers,org.apache.commons.math4.legacy.stat.descriptive.rank
类,Marker,org.apache.commons.math4.legacy.stat.descriptive.rank
类,FixedCapacityList,org.apache.commons.math4.legacy.stat.descriptive.rank
接口,PSquareMarkers,org.apache.commons.math4.legacy.stat.descriptive.rank
类,ResizableDoubleArray,org.apache.commons.math4.legacy.stat.descriptive
接口,StatisticalMultivariateSummary,org.apache.commons.math4.legacy.stat.descriptive
接口,StatisticalSummary,org.apache.commons.math4.legacy.stat.descriptive
类,StatisticalSummaryValues,org.apache.commons.math4.legacy.stat.descriptive
类,Statistics,org.apache.commons.math4.legacy.stat.descriptive
接口,RangeFunction,org.apache.commons.math4.legacy.stat.descriptive
类,StatImp,org.apache.commons.math4.legacy.stat.descriptive
类,NaNStatImp,org.apache.commons.math4.legacy.stat.descriptive
类,Mean,org.apache.commons.math4.legacy.stat.descriptive
类,GeometricMean,org.apache.commons.math4.legacy.stat.descriptive
类,Kurtosis,org.apache.commons.math4.legacy.stat.descriptive
类,Max,org.apache.commons.math4.legacy.stat.descriptive
类,Min,org.apache.commons.math4.legacy.stat.descriptive
类,Skewness,org.apache.commons.math4.legacy.stat.descriptive
类,Variance,org.apache.commons.math4.legacy.stat.descriptive
类,SumOfSquares,org.apache.commons.math4.legacy.stat.descriptive
类,Sum,org.apache.commons.math4.legacy.stat.descriptive
类,Percentile,org.apache.commons.math4.legacy.stat.descriptive
类,StorelessStatImp,org.apache.commons.math4.legacy.stat.descriptive
类,StorelessSum,org.apache.commons.math4.legacy.stat.descriptive
类,StorelessSumOfSquares,org.apache.commons.math4.legacy.stat.descriptive
类,StorelessMin,org.apache.commons.math4.legacy.stat.descriptive
类,StorelessMax,org.apache.commons.math4.legacy.stat.descriptive
类,StorelessSumOfLogs,org.apache.commons.math4.legacy.stat.descriptive
类,StorelessGeometricMean,org.apache.commons.math4.legacy.stat.descriptive
类,StorelessMean,org.apache.commons.math4.legacy.stat.descriptive
接口,StorelessUnivariateStatistic,org.apache.commons.math4.legacy.stat.descriptive
类,WeightedProduct,org.apache.commons.math4.legacy.stat.descriptive.summary
类,WeightedSum,org.apache.commons.math4.legacy.stat.descriptive.summary
类,SummaryStatistics,org.apache.commons.math4.legacy.stat.descriptive
类,SynchronizedDescriptiveStatistics,org.apache.commons.math4.legacy.stat.descriptive
类,SynchronizedMultivariateSummaryStatistics,org.apache.commons.math4.legacy.stat.descriptive
类,SynchronizedSummaryStatistics,org.apache.commons.math4.legacy.stat.descriptive
接口,UnivariateStatistic,org.apache.commons.math4.legacy.stat.descriptive
接口,WeightedEvaluation,org.apache.commons.math4.legacy.stat.descriptive
类,Frequency,org.apache.commons.math4.legacy.stat
类,NaturalComparator,org.apache.commons.math4.legacy.stat
类,AgrestiCoullInterval,org.apache.commons.math4.legacy.stat.interval
接口,BinomialConfidenceInterval,org.apache.commons.math4.legacy.stat.interval
类,ClopperPearsonInterval,org.apache.commons.math4.legacy.stat.interval
类,ConfidenceInterval,org.apache.commons.math4.legacy.stat.interval
类,IntervalUtils,org.apache.commons.math4.legacy.stat.interval
类,NormalApproximationInterval,org.apache.commons.math4.legacy.stat.interval
类,WilsonScoreInterval,org.apache.commons.math4.legacy.stat.interval
类,AbstractMultipleLinearRegression,org.apache.commons.math4.legacy.stat.regression
类,GLSMultipleLinearRegression,org.apache.commons.math4.legacy.stat.regression
类,MillerUpdatingRegression,org.apache.commons.math4.legacy.stat.regression
类,ModelSpecificationException,org.apache.commons.math4.legacy.stat.regression
接口,MultipleLinearRegression,org.apache.commons.math4.legacy.stat.regression
类,OLSMultipleLinearRegression,org.apache.commons.math4.legacy.stat.regression
类,RegressionResults,org.apache.commons.math4.legacy.stat.regression
类,SimpleRegression,org.apache.commons.math4.legacy.stat.regression
接口,UpdatingMultipleLinearRegression,org.apache.commons.math4.legacy.stat.regression
类,StatUtils,org.apache.commons.math4.legacy.stat
类,ComplexFormat,org.apache.commons.math4.legacy.util
类,CompositeFormat,org.apache.commons.math4.legacy.util
类,DerivativeStructureTest,org.apache.commons.math4.legacy.analysis.differentiation
类,DSCompilerTest,org.apache.commons.math4.legacy.analysis.differentiation
类,FiniteDifferencesDifferentiatorTest,org.apache.commons.math4.legacy.analysis.differentiation
类,GradientFunctionTest,org.apache.commons.math4.legacy.analysis.differentiation
类,EuclideanDistance,org.apache.commons.math4.legacy.analysis.differentiation
类,JacobianFunctionTest,org.apache.commons.math4.legacy.analysis.differentiation
类,SphereMapping,org.apache.commons.math4.legacy.analysis.differentiation
类,SparseGradientTest,org.apache.commons.math4.legacy.analysis.differentiation
类,BivariateFunctionTest,org.apache.commons.math4.legacy.analysis.function
类,GaussianTest,org.apache.commons.math4.legacy.analysis.function
类,HarmonicOscillatorTest,org.apache.commons.math4.legacy.analysis.function
类,LogisticTest,org.apache.commons.math4.legacy.analysis.function
类,LogitTest,org.apache.commons.math4.legacy.analysis.function
类,SigmoidTest,org.apache.commons.math4.legacy.analysis.function
类,SincTest,org.apache.commons.math4.legacy.analysis.function
类,SqrtTest,org.apache.commons.math4.legacy.analysis.function
类,StepFunctionTest,org.apache.commons.math4.legacy.analysis.function
类,UnivariateDifferentiableFunctionTest,org.apache.commons.math4.legacy.analysis.function
类,UnivariateFunctionTest,org.apache.commons.math4.legacy.analysis.function
类,FunctionUtilsTest,org.apache.commons.math4.legacy.analysis
类,BaseRuleFactoryTest,org.apache.commons.math4.legacy.analysis.integration.gauss
类,RuleBuilder,org.apache.commons.math4.legacy.analysis.integration.gauss
类,DummyRuleFactory,org.apache.commons.math4.legacy.analysis.integration.gauss
类,GaussianQuadratureAbstractTest,org.apache.commons.math4.legacy.analysis.integration.gauss
类,GaussIntegratorTest,org.apache.commons.math4.legacy.analysis.integration.gauss
类,HermiteParametricTest,org.apache.commons.math4.legacy.analysis.integration.gauss
类,HermiteTest,org.apache.commons.math4.legacy.analysis.integration.gauss
类,LaguerreTest,org.apache.commons.math4.legacy.analysis.integration.gauss
类,LegendreHighPrecisionParametricTest,org.apache.commons.math4.legacy.analysis.integration.gauss
类,LegendreHighPrecisionTest,org.apache.commons.math4.legacy.analysis.integration.gauss
类,LegendreParametricTest,org.apache.commons.math4.legacy.analysis.integration.gauss
类,LegendreTest,org.apache.commons.math4.legacy.analysis.integration.gauss
类,IterativeLegendreGaussIntegratorTest,org.apache.commons.math4.legacy.analysis.integration
类,MidPointIntegratorTest,org.apache.commons.math4.legacy.analysis.integration
类,RombergIntegratorTest,org.apache.commons.math4.legacy.analysis.integration
类,SimpsonIntegratorTest,org.apache.commons.math4.legacy.analysis.integration
类,TrapezoidIntegratorTest,org.apache.commons.math4.legacy.analysis.integration
类,AkimaSplineInterpolatorTest,org.apache.commons.math4.legacy.analysis.interpolation
类,BicubicInterpolatingFunctionTest,org.apache.commons.math4.legacy.analysis.interpolation
类,BicubicInterpolatorTest,org.apache.commons.math4.legacy.analysis.interpolation
类,DividedDifferenceInterpolatorTest,org.apache.commons.math4.legacy.analysis.interpolation
类,FieldHermiteInterpolatorTest,org.apache.commons.math4.legacy.analysis.interpolation
类,HermiteInterpolatorTest,org.apache.commons.math4.legacy.analysis.interpolation
类,LinearInterpolatorTest,org.apache.commons.math4.legacy.analysis.interpolation
类,LoessInterpolatorTest,org.apache.commons.math4.legacy.analysis.interpolation
类,MicrosphereProjectionInterpolatorTest,org.apache.commons.math4.legacy.analysis.interpolation
类,NevilleInterpolatorTest,org.apache.commons.math4.legacy.analysis.interpolation
类,PiecewiseBicubicSplineInterpolatingFunctionTest,org.apache.commons.math4.legacy.analysis.interpolation
类,PiecewiseBicubicSplineInterpolatorTest,org.apache.commons.math4.legacy.analysis.interpolation
类,SplineInterpolatorTest,org.apache.commons.math4.legacy.analysis.interpolation
类,TricubicInterpolatingFunctionTest,org.apache.commons.math4.legacy.analysis.interpolation
类,TricubicInterpolatorTest,org.apache.commons.math4.legacy.analysis.interpolation
类,UnivariatePeriodicInterpolatorTest,org.apache.commons.math4.legacy.analysis.interpolation
类,MonitoredFunction,org.apache.commons.math4.legacy.analysis
类,PolynomialFunctionLagrangeFormTest,org.apache.commons.math4.legacy.analysis.polynomials
类,PolynomialFunctionNewtonFormTest,org.apache.commons.math4.legacy.analysis.polynomials
类,PolynomialFunctionTest,org.apache.commons.math4.legacy.analysis.polynomials
类,PolynomialSplineFunctionTest,org.apache.commons.math4.legacy.analysis.polynomials
类,PolynomialsUtilsTest,org.apache.commons.math4.legacy.analysis.polynomials
类,QuinticFunction,org.apache.commons.math4.legacy.analysis
类,BaseSecantSolverAbstractTest,org.apache.commons.math4.legacy.analysis.solvers
类,BisectionSolverTest,org.apache.commons.math4.legacy.analysis.solvers
类,BracketingNthOrderBrentSolverTest,org.apache.commons.math4.legacy.analysis.solvers
类,TestFunction,org.apache.commons.math4.legacy.analysis.solvers
类,BrentSolverTest,org.apache.commons.math4.legacy.analysis.solvers
类,FieldBracketingNthOrderBrentSolverTest,org.apache.commons.math4.legacy.analysis.solvers
类,IllinoisSolverTest,org.apache.commons.math4.legacy.analysis.solvers
类,LaguerreSolverTest,org.apache.commons.math4.legacy.analysis.solvers
类,MullerSolver2Test,org.apache.commons.math4.legacy.analysis.solvers
类,MullerSolverTest,org.apache.commons.math4.legacy.analysis.solvers
类,NewtonRaphsonSolverTest,org.apache.commons.math4.legacy.analysis.solvers
类,PegasusSolverTest,org.apache.commons.math4.legacy.analysis.solvers
类,RegulaFalsiSolverTest,org.apache.commons.math4.legacy.analysis.solvers
类,RiddersSolverTest,org.apache.commons.math4.legacy.analysis.solvers
类,SecantSolverTest,org.apache.commons.math4.legacy.analysis.solvers
类,UnivariateSolverUtilsTest,org.apache.commons.math4.legacy.analysis.solvers
类,SumSincFunction,org.apache.commons.math4.legacy.analysis
类,XMinus5Function,org.apache.commons.math4.legacy.analysis
类,AbstractIntegerDistributionTest,org.apache.commons.math4.legacy.distribution
类,DiceDistribution,org.apache.commons.math4.legacy.distribution
类,EmpiricalDistributionTest,org.apache.commons.math4.legacy.distribution
类,EnumeratedIntegerDistributionTest,org.apache.commons.math4.legacy.distribution
类,EnumeratedRealDistributionTest,org.apache.commons.math4.legacy.distribution
类,MultivariateNormalMixtureExpectationMaximizationTest,org.apache.commons.math4.legacy.distribution.fitting
类,IntegerDistributionAbstractTest,org.apache.commons.math4.legacy.distribution
类,MixtureMultivariateNormalDistributionTest,org.apache.commons.math4.legacy.distribution
类,MultivariateNormalDistributionTest,org.apache.commons.math4.legacy.distribution
类,RealDistributionAbstractTest,org.apache.commons.math4.legacy.distribution
类,ExtendedFieldElementAbstractTest,org.apache.commons.math4.legacy.field
类,FieldLUDecompositionTest,org.apache.commons.math4.legacy.field.linalg
类,FP64FieldDenseMatrixTest,org.apache.commons.math4.legacy.field.linalg
类,KalmanFilterTest,org.apache.commons.math4.legacy.filter
类,Cannonball,org.apache.commons.math4.legacy.filter
类,GaussianCurveFitterTest,org.apache.commons.math4.legacy.fitting
类,HarmonicCurveFitterTest,org.apache.commons.math4.legacy.fitting
类,AbstractLeastSquaresOptimizerAbstractTest,org.apache.commons.math4.legacy.fitting.leastsquares
类,LinearProblem,org.apache.commons.math4.legacy.fitting.leastsquares
类,BevingtonProblem,org.apache.commons.math4.legacy.fitting.leastsquares
类,CircleProblem,org.apache.commons.math4.legacy.fitting.leastsquares
类,CircleVectorial,org.apache.commons.math4.legacy.fitting.leastsquares
类,DifferentiatorVectorMultivariateJacobianFunctionTest,org.apache.commons.math4.legacy.fitting.leastsquares
类,EvaluationRmsCheckerTest,org.apache.commons.math4.legacy.fitting.leastsquares
类,EvaluationTest,org.apache.commons.math4.legacy.fitting.leastsquares
类,EvaluationTestValidation,org.apache.commons.math4.legacy.fitting.leastsquares
类,GaussNewtonOptimizerWithCholeskyTest,org.apache.commons.math4.legacy.fitting.leastsquares
类,GaussNewtonOptimizerWithLUTest,org.apache.commons.math4.legacy.fitting.leastsquares
类,GaussNewtonOptimizerWithQRTest,org.apache.commons.math4.legacy.fitting.leastsquares
类,GaussNewtonOptimizerWithSVDTest,org.apache.commons.math4.legacy.fitting.leastsquares
类,LevenbergMarquardtOptimizerTest,org.apache.commons.math4.legacy.fitting.leastsquares
类,MinpackTest,org.apache.commons.math4.legacy.fitting.leastsquares
类,MinpackFunction,org.apache.commons.math4.legacy.fitting.leastsquares
类,LinearFullRankFunction,org.apache.commons.math4.legacy.fitting.leastsquares
类,LinearRank1Function,org.apache.commons.math4.legacy.fitting.leastsquares
类,LinearRank1ZeroColsAndRowsFunction,org.apache.commons.math4.legacy.fitting.leastsquares
类,RosenbrockFunction,org.apache.commons.math4.legacy.fitting.leastsquares
类,HelicalValleyFunction,org.apache.commons.math4.legacy.fitting.leastsquares
类,PowellSingularFunction,org.apache.commons.math4.legacy.fitting.leastsquares
类,FreudensteinRothFunction,org.apache.commons.math4.legacy.fitting.leastsquares
类,BardFunction,org.apache.commons.math4.legacy.fitting.leastsquares
类,KowalikOsborneFunction,org.apache.commons.math4.legacy.fitting.leastsquares
类,MeyerFunction,org.apache.commons.math4.legacy.fitting.leastsquares
类,WatsonFunction,org.apache.commons.math4.legacy.fitting.leastsquares
类,Box3DimensionalFunction,org.apache.commons.math4.legacy.fitting.leastsquares
类,JennrichSampsonFunction,org.apache.commons.math4.legacy.fitting.leastsquares
类,BrownDennisFunction,org.apache.commons.math4.legacy.fitting.leastsquares
类,ChebyquadFunction,org.apache.commons.math4.legacy.fitting.leastsquares
类,BrownAlmostLinearFunction,org.apache.commons.math4.legacy.fitting.leastsquares
类,Osborne1Function,org.apache.commons.math4.legacy.fitting.leastsquares
类,Osborne2Function,org.apache.commons.math4.legacy.fitting.leastsquares
类,RandomCirclePointGenerator,org.apache.commons.math4.legacy.fitting.leastsquares
类,RandomStraightLinePointGenerator,org.apache.commons.math4.legacy.fitting.leastsquares
类,StatisticalReferenceDataset,org.apache.commons.math4.legacy.fitting.leastsquares
类,LeastSquaresProblem,org.apache.commons.math4.legacy.fitting.leastsquares
类,StatisticalReferenceDatasetFactory,org.apache.commons.math4.legacy.fitting.leastsquares
类,StraightLineProblem,org.apache.commons.math4.legacy.fitting.leastsquares
类,Model,org.apache.commons.math4.legacy.fitting.leastsquares
类,PolynomialCurveFitterTest,org.apache.commons.math4.legacy.fitting
类,SimpleCurveFitterTest,org.apache.commons.math4.legacy.fitting
类,WeightedObservedPointsTest,org.apache.commons.math4.legacy.fitting
类,BinaryChromosomeTest,org.apache.commons.math4.legacy.genetics
类,BinaryMutationTest,org.apache.commons.math4.legacy.genetics
类,ChromosomeTest,org.apache.commons.math4.legacy.genetics
类,DummyChromosome,org.apache.commons.math4.legacy.genetics
类,CycleCrossoverTest,org.apache.commons.math4.legacy.genetics
类,DummyBinaryChromosome,org.apache.commons.math4.legacy.genetics
类,DummyListChromosome,org.apache.commons.math4.legacy.genetics
类,DummyRandomKey,org.apache.commons.math4.legacy.genetics
类,ElitisticListPopulationTest,org.apache.commons.math4.legacy.genetics
类,DummyChromosome,org.apache.commons.math4.legacy.genetics
类,FitnessCachingTest,org.apache.commons.math4.legacy.genetics
类,DummyCountingBinaryChromosome,org.apache.commons.math4.legacy.genetics
类,FixedElapsedTimeTest,org.apache.commons.math4.legacy.genetics
类,FixedGenerationCountTest,org.apache.commons.math4.legacy.genetics
类,GeneticAlgorithmTestBinary,org.apache.commons.math4.legacy.genetics
类,FindOnes,org.apache.commons.math4.legacy.genetics
类,GeneticAlgorithmTestPermutations,org.apache.commons.math4.legacy.genetics
类,MinPermutations,org.apache.commons.math4.legacy.genetics
类,ListPopulationTest,org.apache.commons.math4.legacy.genetics
类,NPointCrossoverTest,org.apache.commons.math4.legacy.genetics
类,OnePointCrossoverTest,org.apache.commons.math4.legacy.genetics
类,OrderedCrossoverTest,org.apache.commons.math4.legacy.genetics
类,RandomKeyMutationTest,org.apache.commons.math4.legacy.genetics
类,RandomKeyTest,org.apache.commons.math4.legacy.genetics
类,TournamentSelectionTest,org.apache.commons.math4.legacy.genetics
类,DummyChromosome,org.apache.commons.math4.legacy.genetics
类,UniformCrossoverTest,org.apache.commons.math4.legacy.genetics
类,Array2DRowRealMatrixTest,org.apache.commons.math4.legacy.linear
类,SetVisitor,org.apache.commons.math4.legacy.linear
类,GetVisitor,org.apache.commons.math4.legacy.linear
类,ArrayFieldVectorTest,org.apache.commons.math4.legacy.linear
类,FieldVectorTestImpl,org.apache.commons.math4.legacy.linear
类,ArrayRealVectorTest,org.apache.commons.math4.legacy.linear
类,BiDiagonalTransformerTest,org.apache.commons.math4.legacy.linear
类,BigRealFieldTest,org.apache.commons.math4.legacy.linear
类,BigRealTest,org.apache.commons.math4.legacy.linear
类,BlockFieldMatrixTest,org.apache.commons.math4.legacy.linear
类,SetVisitor,org.apache.commons.math4.legacy.linear
类,GetVisitor,org.apache.commons.math4.legacy.linear
类,BlockRealMatrixTest,org.apache.commons.math4.legacy.linear
类,SetVisitor,org.apache.commons.math4.legacy.linear
类,GetVisitor,org.apache.commons.math4.legacy.linear
类,CholeskyDecompositionTest,org.apache.commons.math4.legacy.linear
类,CholeskySolverTest,org.apache.commons.math4.legacy.linear
类,ConjugateGradientTest,org.apache.commons.math4.legacy.linear
类,Dfp25,org.apache.commons.math4.legacy.linear
类,DiagonalMatrixTest,org.apache.commons.math4.legacy.linear
类,EigenDecompositionTest,org.apache.commons.math4.legacy.linear
类,EigenSolverTest,org.apache.commons.math4.legacy.linear
类,FieldLUDecompositionTest,org.apache.commons.math4.legacy.linear
类,FieldLUSolverTest,org.apache.commons.math4.legacy.linear
类,FieldMatrixImplTest,org.apache.commons.math4.legacy.linear
类,SetVisitor,org.apache.commons.math4.legacy.linear
类,GetVisitor,org.apache.commons.math4.legacy.linear
类,FrenchRealVectorFormatTest,org.apache.commons.math4.legacy.linear
类,HessenbergTransformerTest,org.apache.commons.math4.legacy.linear
类,HilbertMatrix,org.apache.commons.math4.legacy.linear
类,InverseHilbertMatrix,org.apache.commons.math4.legacy.linear
类,LUDecompositionTest,org.apache.commons.math4.legacy.linear
类,LUSolverTest,org.apache.commons.math4.legacy.linear
类,MatrixDimensionMismatchExceptionTest,org.apache.commons.math4.legacy.linear
类,MatrixUtilsTest,org.apache.commons.math4.legacy.linear
类,OpenIntToDoubleHashMapTest,org.apache.commons.math4.legacy.linear
类,OpenIntToFieldTest,org.apache.commons.math4.legacy.linear
类,OpenMapRealMatrixTest,org.apache.commons.math4.legacy.linear
类,QRDecompositionTest,org.apache.commons.math4.legacy.linear
类,QRSolverTest,org.apache.commons.math4.legacy.linear
类,RealMatrixFormatAbstractTest,org.apache.commons.math4.legacy.linear
类,RealMatrixFormatTest,org.apache.commons.math4.legacy.linear
类,RealVectorAbstractTest,org.apache.commons.math4.legacy.linear
类,RealVectorTestImpl,org.apache.commons.math4.legacy.linear
类,RealVectorFormatAbstractTest,org.apache.commons.math4.legacy.linear
类,RealVectorFormatTest,org.apache.commons.math4.legacy.linear
类,RealVectorTest,org.apache.commons.math4.legacy.linear
类,RectangularCholeskyDecompositionTest,org.apache.commons.math4.legacy.linear
类,RRQRDecompositionTest,org.apache.commons.math4.legacy.linear
类,RRQRSolverTest,org.apache.commons.math4.legacy.linear
类,SchurTransformerTest,org.apache.commons.math4.legacy.linear
类,SingularValueDecompositionTest,org.apache.commons.math4.legacy.linear
类,SingularValueSolverTest,org.apache.commons.math4.legacy.linear
类,SparseFieldMatrixTest,org.apache.commons.math4.legacy.linear
类,SparseFieldVectorTest,org.apache.commons.math4.legacy.linear
类,SparseRealMatrixTest,org.apache.commons.math4.legacy.linear
类,SparseRealVectorTest,org.apache.commons.math4.legacy.linear
类,SymmLQTest,org.apache.commons.math4.legacy.linear
类,TriDiagonalTransformerTest,org.apache.commons.math4.legacy.linear
类,UnmodifiableArrayRealVectorTest,org.apache.commons.math4.legacy.linear
类,UnmodifiableOpenMapRealVectorTest,org.apache.commons.math4.legacy.linear
类,UnmodifiableRealVectorAbstractTest,org.apache.commons.math4.legacy.linear
类,DBSCANClustererTest,org.apache.commons.math4.legacy.ml.clustering
类,ElkanKMeansPlusPlusClustererTest,org.apache.commons.math4.legacy.ml.clustering
类,CalinskiHarabaszTest,org.apache.commons.math4.legacy.ml.clustering.evaluation
类,SumOfClusterVariancesTest,org.apache.commons.math4.legacy.ml.clustering.evaluation
类,FuzzyKMeansClustererTest,org.apache.commons.math4.legacy.ml.clustering
类,KMeansPlusPlusClustererTest,org.apache.commons.math4.legacy.ml.clustering
类,CloseDistance,org.apache.commons.math4.legacy.ml.clustering
类,MiniBatchKMeansClustererTest,org.apache.commons.math4.legacy.ml.clustering
类,MultiKMeansPlusPlusClustererTest,org.apache.commons.math4.legacy.ml.clustering
类,CanberraDistanceTest,org.apache.commons.math4.legacy.ml.distance
类,ChebyshevDistanceTest,org.apache.commons.math4.legacy.ml.distance
类,EarthMoversDistanceTest,org.apache.commons.math4.legacy.ml.distance
类,EuclideanDistanceTest,org.apache.commons.math4.legacy.ml.distance
类,ManhattanDistanceTest,org.apache.commons.math4.legacy.ml.distance
类,ContinuousOutputFieldModelTest,org.apache.commons.math4.legacy.ode
类,ContinuousOutputModelTest,org.apache.commons.math4.legacy.ode
类,CloseEventsTest,org.apache.commons.math4.legacy.ode.events
类,TimeDetector,org.apache.commons.math4.legacy.ode.events
类,Equation,org.apache.commons.math4.legacy.ode.events
类,EventFilterTest,org.apache.commons.math4.legacy.ode.events
类,SineCosine,org.apache.commons.math4.legacy.ode.events
类,Event,org.apache.commons.math4.legacy.ode.events
类,EventStateTest,org.apache.commons.math4.legacy.ode.events
类,ResettingEvent,org.apache.commons.math4.legacy.ode.events
类,SecondaryStateEvent,org.apache.commons.math4.legacy.ode.events
类,CloseEventsGenerator,org.apache.commons.math4.legacy.ode.events
类,OverlappingEventsTest,org.apache.commons.math4.legacy.ode.events
类,Event,org.apache.commons.math4.legacy.ode.events
类,ReappearingEventTest,org.apache.commons.math4.legacy.ode.events
类,Ode,org.apache.commons.math4.legacy.ode.events
类,Event,org.apache.commons.math4.legacy.ode.events
类,FieldExpandableODETest,org.apache.commons.math4.legacy.ode
类,Linear,org.apache.commons.math4.legacy.ode
类,FirstOrderConverterTest,org.apache.commons.math4.legacy.ode
类,Equations,org.apache.commons.math4.legacy.ode
类,JacobianMatricesTest,org.apache.commons.math4.legacy.ode
类,Brusselator,org.apache.commons.math4.legacy.ode
类,ParamBrusselator,org.apache.commons.math4.legacy.ode
类,Circle,org.apache.commons.math4.legacy.ode
类,ParameterizedCircle,org.apache.commons.math4.legacy.ode
类,AbstractEmbeddedRungeKuttaFieldIntegratorTest,org.apache.commons.math4.legacy.ode.nonstiff
类,LocalException,org.apache.commons.math4.legacy.ode.nonstiff
类,KeplerHandler,org.apache.commons.math4.legacy.ode.nonstiff
类,SinCos,org.apache.commons.math4.legacy.ode.nonstiff
类,AbstractRungeKuttaFieldIntegratorTest,org.apache.commons.math4.legacy.ode.nonstiff
类,KeplerHandler,org.apache.commons.math4.legacy.ode.nonstiff
类,SinCos,org.apache.commons.math4.legacy.ode.nonstiff
类,AdamsBashforthFieldIntegratorTest,org.apache.commons.math4.legacy.ode.nonstiff
类,AdamsBashforthIntegratorTest,org.apache.commons.math4.legacy.ode.nonstiff
类,PerfectStarter,org.apache.commons.math4.legacy.ode.nonstiff
类,PerfectInterpolator,org.apache.commons.math4.legacy.ode.nonstiff
类,AdamsFieldIntegratorAbstractTest,org.apache.commons.math4.legacy.ode.nonstiff
类,PerfectStarter,org.apache.commons.math4.legacy.ode.nonstiff
类,PerfectInterpolator,org.apache.commons.math4.legacy.ode.nonstiff
类,AdamsMoultonFieldIntegratorTest,org.apache.commons.math4.legacy.ode.nonstiff
类,AdamsMoultonIntegratorTest,org.apache.commons.math4.legacy.ode.nonstiff
类,PerfectStarter,org.apache.commons.math4.legacy.ode.nonstiff
类,PerfectInterpolator,org.apache.commons.math4.legacy.ode.nonstiff
类,AdamsNordsieckTransformerTest,org.apache.commons.math4.legacy.ode.nonstiff
类,ClassicalRungeKuttaFieldIntegratorTest,org.apache.commons.math4.legacy.ode.nonstiff
类,ClassicalRungeKuttaIntegratorTest,org.apache.commons.math4.legacy.ode.nonstiff
类,KeplerHandler,org.apache.commons.math4.legacy.ode.nonstiff
类,ClassicalRungeKuttaStepInterpolatorTest,org.apache.commons.math4.legacy.ode.nonstiff
类,ClassicalRungKuttaFieldStepInterpolatorTest,org.apache.commons.math4.legacy.ode.nonstiff
类,Decimal64,org.apache.commons.math4.legacy.ode.nonstiff
类,Decimal64Field,org.apache.commons.math4.legacy.ode.nonstiff
类,Decimal64Test,org.apache.commons.math4.legacy.ode.nonstiff
类,DormandPrince54FieldIntegratorTest,org.apache.commons.math4.legacy.ode.nonstiff
类,DormandPrince54FieldStepInterpolatorTest,org.apache.commons.math4.legacy.ode.nonstiff
类,DormandPrince54IntegratorTest,org.apache.commons.math4.legacy.ode.nonstiff
类,DP54SmallLastHandler,org.apache.commons.math4.legacy.ode.nonstiff
类,KeplerHandler,org.apache.commons.math4.legacy.ode.nonstiff
类,VariableHandler,org.apache.commons.math4.legacy.ode.nonstiff
类,DormandPrince54StepInterpolatorTest,org.apache.commons.math4.legacy.ode.nonstiff
类,DormandPrince853FieldIntegratorTest,org.apache.commons.math4.legacy.ode.nonstiff
类,DormandPrince853FieldStepInterpolatorTest,org.apache.commons.math4.legacy.ode.nonstiff
类,DormandPrince853IntegratorTest,org.apache.commons.math4.legacy.ode.nonstiff
类,SchedulingChecker,org.apache.commons.math4.legacy.ode.nonstiff
类,KeplerHandler,org.apache.commons.math4.legacy.ode.nonstiff
类,VariableHandler,org.apache.commons.math4.legacy.ode.nonstiff
类,DormandPrince853StepInterpolatorTest,org.apache.commons.math4.legacy.ode.nonstiff
类,EmbeddedRungeKuttaFieldIntegratorAbstractTest,org.apache.commons.math4.legacy.ode.nonstiff
类,LocalException,org.apache.commons.math4.legacy.ode.nonstiff
类,KeplerHandler,org.apache.commons.math4.legacy.ode.nonstiff
类,SinCos,org.apache.commons.math4.legacy.ode.nonstiff
类,EulerFieldIntegratorTest,org.apache.commons.math4.legacy.ode.nonstiff
类,EulerFieldStepInterpolatorTest,org.apache.commons.math4.legacy.ode.nonstiff
类,EulerIntegratorTest,org.apache.commons.math4.legacy.ode.nonstiff
类,EulerStepInterpolatorTest,org.apache.commons.math4.legacy.ode.nonstiff
类,DummyIntegrator,org.apache.commons.math4.legacy.ode.nonstiff
类,GillFieldIntegratorTest,org.apache.commons.math4.legacy.ode.nonstiff
类,GillFieldStepInterpolatorTest,org.apache.commons.math4.legacy.ode.nonstiff
类,GillIntegratorTest,org.apache.commons.math4.legacy.ode.nonstiff
类,KeplerStepHandler,org.apache.commons.math4.legacy.ode.nonstiff
类,GillStepInterpolatorTest,org.apache.commons.math4.legacy.ode.nonstiff
类,GraggBulirschStoerIntegratorTest,org.apache.commons.math4.legacy.ode.nonstiff
类,KeplerStepHandler,org.apache.commons.math4.legacy.ode.nonstiff
类,VariableStepHandler,org.apache.commons.math4.legacy.ode.nonstiff
类,GraggBulirschStoerStepInterpolatorTest,org.apache.commons.math4.legacy.ode.nonstiff
类,HighamHall54FieldIntegratorTest,org.apache.commons.math4.legacy.ode.nonstiff
类,HighamHall54FieldStepInterpolatorTest,org.apache.commons.math4.legacy.ode.nonstiff
类,HighamHall54IntegratorTest,org.apache.commons.math4.legacy.ode.nonstiff
类,LocalException,org.apache.commons.math4.legacy.ode.nonstiff
类,HighamHall54StepInterpolatorTest,org.apache.commons.math4.legacy.ode.nonstiff
类,LutherFieldIntegratorTest,org.apache.commons.math4.legacy.ode.nonstiff
类,LutherFieldStepInterpolatorTest,org.apache.commons.math4.legacy.ode.nonstiff
类,LutherIntegratorTest,org.apache.commons.math4.legacy.ode.nonstiff
类,KeplerHandler,org.apache.commons.math4.legacy.ode.nonstiff
类,LutherStepInterpolatorTest,org.apache.commons.math4.legacy.ode.nonstiff
类,MidpointFieldIntegratorTest,org.apache.commons.math4.legacy.ode.nonstiff
类,MidpointFieldStepInterpolatorTest,org.apache.commons.math4.legacy.ode.nonstiff
类,MidpointIntegratorTest,org.apache.commons.math4.legacy.ode.nonstiff
类,MidpointStepInterpolatorTest,org.apache.commons.math4.legacy.ode.nonstiff
类,RungeKuttaFieldIntegratorAbstractTest,org.apache.commons.math4.legacy.ode.nonstiff
类,KeplerHandler,org.apache.commons.math4.legacy.ode.nonstiff
类,SinCos,org.apache.commons.math4.legacy.ode.nonstiff
类,RungeKuttaFieldStepInterpolatorAbstractTest,org.apache.commons.math4.legacy.ode.nonstiff
类,SinCos,org.apache.commons.math4.legacy.ode.nonstiff
类,StepFieldProblem,org.apache.commons.math4.legacy.ode.nonstiff
类,StepProblem,org.apache.commons.math4.legacy.ode.nonstiff
类,ThreeEighthesFieldIntegratorTest,org.apache.commons.math4.legacy.ode.nonstiff
类,ThreeEighthesFieldStepInterpolatorTest,org.apache.commons.math4.legacy.ode.nonstiff
类,ThreeEighthesIntegratorTest,org.apache.commons.math4.legacy.ode.nonstiff
类,KeplerHandler,org.apache.commons.math4.legacy.ode.nonstiff
类,ThreeEighthesStepInterpolatorTest,org.apache.commons.math4.legacy.ode.nonstiff
类,DummyFieldStepInterpolator,org.apache.commons.math4.legacy.ode.sampling
类,DummyStepInterpolator,org.apache.commons.math4.legacy.ode.sampling
类,DummyStepInterpolatorTest,org.apache.commons.math4.legacy.ode.sampling
类,BadStepInterpolator,org.apache.commons.math4.legacy.ode.sampling
类,LocalException,org.apache.commons.math4.legacy.ode.sampling
类,NordsieckStepInterpolatorTest,org.apache.commons.math4.legacy.ode.sampling
类,StepInterpolatorTestUtils,org.apache.commons.math4.legacy.ode.sampling
类,StepNormalizerOutputOverlapTest,org.apache.commons.math4.legacy.ode.sampling
类,StepNormalizerOutputTest,org.apache.commons.math4.legacy.ode.sampling
类,StepNormalizerOutputTestBase,org.apache.commons.math4.legacy.ode.sampling
类,StepNormalizerTest,org.apache.commons.math4.legacy.ode.sampling
类,TestFieldProblem1,org.apache.commons.math4.legacy.ode
类,TestFieldProblem2,org.apache.commons.math4.legacy.ode
类,TestFieldProblem3,org.apache.commons.math4.legacy.ode
类,TestFieldProblem4,org.apache.commons.math4.legacy.ode
类,Bounce,org.apache.commons.math4.legacy.ode
类,Stop,org.apache.commons.math4.legacy.ode
类,TestFieldProblem5,org.apache.commons.math4.legacy.ode
类,TestFieldProblem6,org.apache.commons.math4.legacy.ode
类,TestFieldProblemAbstract,org.apache.commons.math4.legacy.ode
类,TestFieldProblemHandler,org.apache.commons.math4.legacy.ode
类,TestProblem1,org.apache.commons.math4.legacy.ode
类,TestProblem2,org.apache.commons.math4.legacy.ode
类,TestProblem3,org.apache.commons.math4.legacy.ode
类,TestProblem4,org.apache.commons.math4.legacy.ode
类,Bounce,org.apache.commons.math4.legacy.ode
类,Stop,org.apache.commons.math4.legacy.ode
类,TestProblem5,org.apache.commons.math4.legacy.ode
类,TestProblem6,org.apache.commons.math4.legacy.ode
类,TestProblemAbstract,org.apache.commons.math4.legacy.ode
类,TestProblemHandler,org.apache.commons.math4.legacy.ode
类,BaseOptimizerTest,org.apache.commons.math4.legacy.optim
类,DummyOptimizer,org.apache.commons.math4.legacy.optim
类,SimplexSolverTest,org.apache.commons.math4.legacy.optim.linear
类,SimplexTableauTest,org.apache.commons.math4.legacy.optim.linear
类,CircleScalar,org.apache.commons.math4.legacy.optim.nonlinear.scalar.gradient
类,NonLinearConjugateGradientOptimizerTest,org.apache.commons.math4.legacy.optim.nonlinear.scalar.gradient
类,LinearProblem,org.apache.commons.math4.legacy.optim.nonlinear.scalar.gradient
类,MultiStartMultivariateOptimizerTest,org.apache.commons.math4.legacy.optim.nonlinear.scalar
类,Rosenbrock,org.apache.commons.math4.legacy.optim.nonlinear.scalar
类,MultivariateFunctionMappingAdapterTest,org.apache.commons.math4.legacy.optim.nonlinear.scalar
类,BiQuadratic,org.apache.commons.math4.legacy.optim.nonlinear.scalar
类,MultivariateFunctionPenaltyAdapterTest,org.apache.commons.math4.legacy.optim.nonlinear.scalar
类,BiQuadratic,org.apache.commons.math4.legacy.optim.nonlinear.scalar
类,BOBYQAOptimizerTest,org.apache.commons.math4.legacy.optim.nonlinear.scalar.noderiv
类,CMAESOptimizerTest,org.apache.commons.math4.legacy.optim.nonlinear.scalar.noderiv
类,OptimTestUtils,org.apache.commons.math4.legacy.optim.nonlinear.scalar.noderiv
类,ElliRotated,org.apache.commons.math4.legacy.optim.nonlinear.scalar.noderiv
类,FourExtrema,org.apache.commons.math4.legacy.optim.nonlinear.scalar.noderiv
类,Basis,org.apache.commons.math4.legacy.optim.nonlinear.scalar.noderiv
类,PowellOptimizerTest,org.apache.commons.math4.legacy.optim.nonlinear.scalar.noderiv
类,SimplexOptimizerMultiDirectionalTest,org.apache.commons.math4.legacy.optim.nonlinear.scalar.noderiv
类,Gaussian2D,org.apache.commons.math4.legacy.optim.nonlinear.scalar.noderiv
类,SimplexOptimizerNelderMeadTest,org.apache.commons.math4.legacy.optim.nonlinear.scalar.noderiv
类,SimplexOptimizerTest,org.apache.commons.math4.legacy.optim.nonlinear.scalar.noderiv
类,Task,org.apache.commons.math4.legacy.optim.nonlinear.scalar.noderiv
类,TaskAggregator,org.apache.commons.math4.legacy.optim.nonlinear.scalar.noderiv
类,SimplexTest,org.apache.commons.math4.legacy.optim.nonlinear.scalar.noderiv
类,PointValuePairTest,org.apache.commons.math4.legacy.optim
类,PointVectorValuePairTest,org.apache.commons.math4.legacy.optim
类,SimplePointCheckerTest,org.apache.commons.math4.legacy.optim
类,SimpleValueCheckerTest,org.apache.commons.math4.legacy.optim
类,SimpleVectorValueCheckerTest,org.apache.commons.math4.legacy.optim
类,BracketFinderTest,org.apache.commons.math4.legacy.optim.univariate
类,BrentOptimizerTest,org.apache.commons.math4.legacy.optim.univariate
类,MultiStartUnivariateOptimizerTest,org.apache.commons.math4.legacy.optim.univariate
类,LocalException,org.apache.commons.math4.legacy.optim.univariate
类,SimpleUnivariateValueCheckerTest,org.apache.commons.math4.legacy.optim.univariate
类,CorrelatedVectorFactoryTest,org.apache.commons.math4.legacy.random
类,HaltonSequenceGeneratorTest,org.apache.commons.math4.legacy.random
类,SobolSequenceGeneratorTest,org.apache.commons.math4.legacy.random
类,BesselJTest,org.apache.commons.math4.legacy.special
类,CertifiedDataTest,org.apache.commons.math4.legacy.stat
类,CovarianceTest,org.apache.commons.math4.legacy.stat.correlation
类,KendallsCorrelationTest,org.apache.commons.math4.legacy.stat.correlation
类,PearsonsCorrelationTest,org.apache.commons.math4.legacy.stat.correlation
类,SpearmansRankCorrelationTest,org.apache.commons.math4.legacy.stat.correlation
类,StorelessCovarianceTest,org.apache.commons.math4.legacy.stat.correlation
类,CertifiedDataAbstractTest,org.apache.commons.math4.legacy.stat.data
类,LewTest,org.apache.commons.math4.legacy.stat.data
类,LotteryTest,org.apache.commons.math4.legacy.stat.data
类,AggregateSummaryStatisticsTest,org.apache.commons.math4.legacy.stat.descriptive
类,DescriptiveStatisticsTest,org.apache.commons.math4.legacy.stat.descriptive
类,DeepMean,org.apache.commons.math4.legacy.stat.descriptive
类,GoodPercentile,org.apache.commons.math4.legacy.stat.descriptive
类,SubPercentile,org.apache.commons.math4.legacy.stat.descriptive
类,BadPercentile,org.apache.commons.math4.legacy.stat.descriptive
类,DoubleArrayAbstractTest,org.apache.commons.math4.legacy.stat.descriptive
类,SemiVarianceTest,org.apache.commons.math4.legacy.stat.descriptive.moment
类,VectorialCovarianceTest,org.apache.commons.math4.legacy.stat.descriptive.moment
类,VectorialMeanTest,org.apache.commons.math4.legacy.stat.descriptive.moment
类,WeightedMeanTest,org.apache.commons.math4.legacy.stat.descriptive.moment
类,WeightedVarianceTest,org.apache.commons.math4.legacy.stat.descriptive.moment
类,MultivariateSummaryStatisticsTest,org.apache.commons.math4.legacy.stat.descriptive
类,SumMean,org.apache.commons.math4.legacy.stat.descriptive
类,PSquarePercentileTest,org.apache.commons.math4.legacy.stat.descriptive.rank
类,ResizableDoubleArrayTest,org.apache.commons.math4.legacy.stat.descriptive
类,StatisticalSummaryValuesTest,org.apache.commons.math4.legacy.stat.descriptive
类,StatisticsTest,org.apache.commons.math4.legacy.stat.descriptive
类,StorelessUnivariateStatisticAbstractTest,org.apache.commons.math4.legacy.stat.descriptive
类,WeightedProductTest,org.apache.commons.math4.legacy.stat.descriptive.summary
类,WeightedSumTest,org.apache.commons.math4.legacy.stat.descriptive.summary
类,SummaryStatisticsTest,org.apache.commons.math4.legacy.stat.descriptive
类,SumStat,org.apache.commons.math4.legacy.stat.descriptive
类,SynchronizedDescriptiveStatisticsTest,org.apache.commons.math4.legacy.stat.descriptive
类,SynchronizedMultivariateSummaryStatisticsTest,org.apache.commons.math4.legacy.stat.descriptive
类,SynchronizedSummaryStatisticsTest,org.apache.commons.math4.legacy.stat.descriptive
类,UnivariateStatisticAbstractTest,org.apache.commons.math4.legacy.stat.descriptive
类,WeightedEvaluationAbstractTest,org.apache.commons.math4.legacy.stat.descriptive
类,FrequencyTest,org.apache.commons.math4.legacy.stat
类,AgrestiCoullIntervalTest,org.apache.commons.math4.legacy.stat.interval
类,BinomialConfidenceIntervalAbstractTest,org.apache.commons.math4.legacy.stat.interval
类,ClopperPearsonIntervalTest,org.apache.commons.math4.legacy.stat.interval
类,IntervalUtilsTest,org.apache.commons.math4.legacy.stat.interval
类,NormalApproximationIntervalTest,org.apache.commons.math4.legacy.stat.interval
类,WilsonScoreIntervalTest,org.apache.commons.math4.legacy.stat.interval
类,GLSMultipleLinearRegressionTest,org.apache.commons.math4.legacy.stat.regression
类,MillerUpdatingRegressionTest,org.apache.commons.math4.legacy.stat.regression
类,MultipleLinearRegressionAbstractTest,org.apache.commons.math4.legacy.stat.regression
类,OLSMultipleLinearRegressionTest,org.apache.commons.math4.legacy.stat.regression
类,SimpleRegressionTest,org.apache.commons.math4.legacy.stat.regression
类,StatUtilsTest,org.apache.commons.math4.legacy.stat
类,TestUtils,org.apache.commons.math4.legacy
类,ComplexFormatAbstractTest,org.apache.commons.math4.legacy.util
类,ComplexFormatTest,org.apache.commons.math4.legacy.util
类,FrenchComplexFormatTest,org.apache.commons.math4.legacy.util
类,TestBean,org.apache.commons.math4.legacy.util
类,RealFunctionValidation,
类,MissingRequiredPropertyException,
类,ApplicationProperties,
类,Dfp,org.apache.commons.math4.legacy.core.dfp
类,DfpDec,org.apache.commons.math4.legacy.core.dfp
类,DfpField,org.apache.commons.math4.legacy.core.dfp
类,DfpMath,org.apache.commons.math4.legacy.core.dfp
接口,Field,org.apache.commons.math4.legacy.core
接口,FieldElement,org.apache.commons.math4.legacy.core
类,IntegerSequence,org.apache.commons.math4.legacy.core
类,Range,org.apache.commons.math4.legacy.core
类,Incrementor,org.apache.commons.math4.legacy.core
接口,MaxCountExceededCallback,org.apache.commons.math4.legacy.core
类,MathArrays,org.apache.commons.math4.legacy.core
接口,Function,org.apache.commons.math4.legacy.core
类,Pair,org.apache.commons.math4.legacy.core
接口,RealFieldElement,org.apache.commons.math4.legacy.core
类,Decimal10,org.apache.commons.math4.legacy.core.dfp
类,DfpDecTest,org.apache.commons.math4.legacy.core.dfp
类,DfpMathTest,org.apache.commons.math4.legacy.core.dfp
类,DfpTest,org.apache.commons.math4.legacy.core.dfp
类,ExtendedFieldElementAbstractTest,org.apache.commons.math4.legacy.core
类,IntegerSequenceTest,org.apache.commons.math4.legacy.core
类,AccurateMathStrictComparisonTest,org.apache.commons.math4.legacy.core.jdkmath
类,AccurateMathTest,org.apache.commons.math4.legacy.core.jdkmath
类,MathArraysTest,org.apache.commons.math4.legacy.core
类,PairTest,org.apache.commons.math4.legacy.core
类,MyInteger,org.apache.commons.math4.legacy.core
类,ConvergenceException,org.apache.commons.math4.legacy.exception
类,DimensionMismatchException,org.apache.commons.math4.legacy.exception
类,InsufficientDataException,org.apache.commons.math4.legacy.exception
类,MathArithmeticException,org.apache.commons.math4.legacy.exception
类,MathIllegalArgumentException,org.apache.commons.math4.legacy.exception
类,MathIllegalNumberException,org.apache.commons.math4.legacy.exception
类,MathIllegalStateException,org.apache.commons.math4.legacy.exception
类,MathInternalError,org.apache.commons.math4.legacy.exception
类,MathParseException,org.apache.commons.math4.legacy.exception
类,MathRuntimeException,org.apache.commons.math4.legacy.exception
类,MathUnsupportedOperationException,org.apache.commons.math4.legacy.exception
类,MaxCountExceededException,org.apache.commons.math4.legacy.exception
类,MultiDimensionMismatchException,org.apache.commons.math4.legacy.exception
类,NoBracketingException,org.apache.commons.math4.legacy.exception
类,NoDataException,org.apache.commons.math4.legacy.exception
类,NonMonotonicSequenceException,org.apache.commons.math4.legacy.exception
类,NotANumberException,org.apache.commons.math4.legacy.exception
类,NotFiniteNumberException,org.apache.commons.math4.legacy.exception
类,NotPositiveException,org.apache.commons.math4.legacy.exception
类,NotStrictlyPositiveException,org.apache.commons.math4.legacy.exception
类,NullArgumentException,org.apache.commons.math4.legacy.exception
类,NumberIsTooLargeException,org.apache.commons.math4.legacy.exception
类,NumberIsTooSmallException,org.apache.commons.math4.legacy.exception
类,OutOfRangeException,org.apache.commons.math4.legacy.exception
类,TooManyEvaluationsException,org.apache.commons.math4.legacy.exception
类,TooManyIterationsException,org.apache.commons.math4.legacy.exception
类,ArgUtils,org.apache.commons.math4.legacy.exception.util
类,DummyLocalizable,org.apache.commons.math4.legacy.exception.util
类,ExceptionContext,org.apache.commons.math4.legacy.exception.util
接口,ExceptionContextProvider,org.apache.commons.math4.legacy.exception.util
接口,Localizable,org.apache.commons.math4.legacy.exception.util
类,ZeroException,org.apache.commons.math4.legacy.exception
类,DimensionMismatchExceptionTest,org.apache.commons.math4.legacy.exception
类,MaxCountExceededExceptionTest,org.apache.commons.math4.legacy.exception
类,NonMonotonicSequenceExceptionTest,org.apache.commons.math4.legacy.exception
类,NotFiniteNumberExceptionTest,org.apache.commons.math4.legacy.exception
类,NotPositiveExceptionTest,org.apache.commons.math4.legacy.exception
类,NotStrictlyPositiveExceptionTest,org.apache.commons.math4.legacy.exception
类,NullArgumentExceptionTest,org.apache.commons.math4.legacy.exception
类,NumberIsTooLargeExceptionTest,org.apache.commons.math4.legacy.exception
类,NumberIsTooSmallExceptionTest,org.apache.commons.math4.legacy.exception
类,OutOfRangeExceptionTest,org.apache.commons.math4.legacy.exception
类,TooManyEvaluationsExceptionTest,org.apache.commons.math4.legacy.exception
类,ArgUtilsTest,org.apache.commons.math4.legacy.exception.util
类,ExceptionContextTest,org.apache.commons.math4.legacy.exception.util
类,Unserializable,org.apache.commons.math4.legacy.exception.util
类,LocalizedFormatsTest,org.apache.commons.math4.legacy.exception.util
接口,DistanceMeasure,org.apache.commons.math4.neuralnet
类,EuclideanDistance,org.apache.commons.math4.neuralnet
接口,FeatureInitializer,org.apache.commons.math4.neuralnet
类,FeatureInitializerFactory,org.apache.commons.math4.neuralnet
类,NeuralNetException,org.apache.commons.math4.neuralnet.internal
类,MapRanking,org.apache.commons.math4.neuralnet
类,PairNeuronDouble,org.apache.commons.math4.neuralnet
类,MapUtils,org.apache.commons.math4.neuralnet
类,Network,org.apache.commons.math4.neuralnet
类,Neuron,org.apache.commons.math4.neuralnet
类,NeuronString,org.apache.commons.math4.neuralnet.oned
类,KohonenTrainingTask,org.apache.commons.math4.neuralnet.sofm
类,KohonenUpdateAction,org.apache.commons.math4.neuralnet.sofm
类,Gaussian,org.apache.commons.math4.neuralnet.sofm
接口,LearningFactorFunction,org.apache.commons.math4.neuralnet.sofm
类,LearningFactorFunctionFactory,org.apache.commons.math4.neuralnet.sofm
接口,NeighbourhoodSizeFunction,org.apache.commons.math4.neuralnet.sofm
类,NeighbourhoodSizeFunctionFactory,org.apache.commons.math4.neuralnet.sofm
类,ExponentialDecayFunction,org.apache.commons.math4.neuralnet.sofm.util
类,QuasiSigmoidDecayFunction,org.apache.commons.math4.neuralnet.sofm.util
类,NeuronSquareMesh2D,org.apache.commons.math4.neuralnet.twod
类,DataVisualization,org.apache.commons.math4.neuralnet.twod
类,LocationFinder,org.apache.commons.math4.neuralnet.twod.util
类,Location,org.apache.commons.math4.neuralnet.twod.util
接口,MapDataVisualization,org.apache.commons.math4.neuralnet.twod.util
接口,MapVisualization,org.apache.commons.math4.neuralnet.twod.util
类,SmoothedDataHistogram,org.apache.commons.math4.neuralnet.twod.util
类,UnifiedDistanceMatrix,org.apache.commons.math4.neuralnet.twod.util
接口,UpdateAction,org.apache.commons.math4.neuralnet
类,MapRankingTest,org.apache.commons.math4.neuralnet
类,NetworkTest,org.apache.commons.math4.neuralnet
类,NeuronTest,org.apache.commons.math4.neuralnet
类,OffsetFeatureInitializer,org.apache.commons.math4.neuralnet
类,NeuronStringTest,org.apache.commons.math4.neuralnet.oned
类,KohonenUpdateActionTest,org.apache.commons.math4.neuralnet.sofm
类,LearningFactorFunctionFactoryTest,org.apache.commons.math4.neuralnet.sofm
类,NeighbourhoodSizeFunctionFactoryTest,org.apache.commons.math4.neuralnet.sofm
类,ExponentialDecayFunctionTest,org.apache.commons.math4.neuralnet.sofm.util
类,QuasiSigmoidDecayFunctionTest,org.apache.commons.math4.neuralnet.sofm.util
类,NeuronSquareMesh2DTest,org.apache.commons.math4.neuralnet.twod
类,LocationFinderTest,org.apache.commons.math4.neuralnet.twod.util
接口,ComplexTransform,org.apache.commons.math4.transform
类,FastCosineTransform,org.apache.commons.math4.transform
类,FastFourierTransform,org.apache.commons.math4.transform
类,FastHadamardTransform,org.apache.commons.math4.transform
类,FastSineTransform,org.apache.commons.math4.transform
接口,RealTransform,org.apache.commons.math4.transform
类,TransformException,org.apache.commons.math4.transform
类,TransformUtils,org.apache.commons.math4.transform
类,FastCosineTransformerTest,org.apache.commons.math4.transform
类,FastFourierTransformerTest,org.apache.commons.math4.transform
类,FastHadamardTransformerTest,org.apache.commons.math4.transform
类,FastSineTransformerTest,org.apache.commons.math4.transform
类,RealTransformerAbstractTest,org.apache.commons.math4.transform
类,TransformUtilsTest,org.apache.commons.math4.transform
类,ClusterAlgorithmComparison,org.apache.commons.math4.userguide
类,Display,org.apache.commons.math4.userguide
类,ClusterPlot,org.apache.commons.math4.userguide
类,ExampleUtils,org.apache.commons.math4.userguide
类,ExampleFrame,org.apache.commons.math4.userguide
类,CannonballExample,org.apache.commons.math4.userguide.filter
类,Cannonball,org.apache.commons.math4.userguide.filter
类,Display,org.apache.commons.math4.userguide.filter
类,ConstantVoltageExample,org.apache.commons.math4.userguide.filter
类,VoltMeter,org.apache.commons.math4.userguide.filter
类,Display,org.apache.commons.math4.userguide.filter
类,HelloWorldExample,org.apache.commons.math4.userguide.genetics
类,StringChromosome,org.apache.commons.math4.userguide.genetics
类,RandomCharacterMutation,org.apache.commons.math4.userguide.genetics
类,ImageEvolutionExample,org.apache.commons.math4.userguide.genetics
类,Display,org.apache.commons.math4.userguide.genetics
类,ImagePainter,org.apache.commons.math4.userguide.genetics
类,Polygon,org.apache.commons.math4.userguide.genetics
类,PolygonChromosome,org.apache.commons.math4.userguide.genetics
类,RandomPolygonMutation,org.apache.commons.math4.userguide.genetics
类,JdkMathTestPerformance,org.apache.commons.math4.userguide
类,LowDiscrepancyGeneratorComparison,org.apache.commons.math4.userguide
类,Display,org.apache.commons.math4.userguide
类,Plot,org.apache.commons.math4.userguide
类,PerfTestUtils,org.apache.commons.math4.userguide
类,RunTest,org.apache.commons.math4.userguide
