类名,注释率,注释行数,总行数
SparseGradient,24.29,213,877
CanberraDistance,7.14,1,14
EventFilterTest,6.84,16,234
EmpiricalDistribution,44.59,239,536
KalmanFilter,43.65,134,307
TestFunction,0.00,0,32
SmoothedDataHistogram,23.81,15,63
HermiteRuleFactory,21.60,27,125
AbstractUnivariateSolver,52.94,18,34
SingularValueSolverTest,9.02,12,133
StorelessSumOfLogs,40.00,6,15
MismatchedEquations,20.00,2,10
IterativeLegendreGaussIntegratorTest,4.14,6,145
SimplexOptimizer,34.69,162,467
SineCosine,0.00,0,12
NonPositiveDefiniteMatrixException,41.30,19,46
NeighbourhoodSizeFunctionFactory,56.94,41,72
SynchronizedSummaryStatistics,38.60,88,228
JennrichSampsonFunction,0.00,0,34
CertifiedDataAbstractTest,6.67,8,120
DormandPrince54FieldStepInterpolator,12.21,26,213
TaskAggregator,16.91,23,136
ClusterAlgorithmComparison,0.39,1,255
MyInteger,0.00,0,25
NeuronStringTest,26.96,31,115
Expm1,26.67,4,15
MathArithmeticException,50.00,11,22
UnivariatePointValuePair,50.00,18,36
AbstractUnivariateDifferentiableSolver,45.28,24,53
StorelessBivariateCovariance,42.00,42,100
RealMatrixFormatAbstractTest,0.30,1,334
ComplexFormatAbstractTest,0.00,0,376
TransformFactory,61.54,8,13
LineSearchTolerance,36.67,11,30
LegendreHighPrecisionParametricTest,41.51,22,53
KohonenUpdateAction,37.97,71,187
EulerFieldStepInterpolatorTest,0.00,0,39
SimpleRegressionTest,16.62,109,656
FeatureInitializerFactory,48.53,33,68
CovarianceTest,14.73,33,224
ParameterizedODE,62.50,10,16
MultivariateOptimizer,54.30,139,256
RealMatrixPreservingVisitor,72.41,21,29
MullerSolver2,24.17,29,120
IdentityPreconditioner,14.29,1,7
HilbertMatrix,22.22,12,54
UpdatingMultipleLinearRegression,73.44,47,64
RectangularCholeskyDecompositionTest,5.68,5,88
EuclideanDistance,5.26,1,19
FirstOrderIntegrator,74.07,20,27
WeightedObservedPoints,70.37,57,81
GradientFunctionTest,0.00,0,59
Abs,14.29,1,7
FirstOrderFieldDifferentialEquations,69.23,18,26
DfpMathTest,7.46,42,563
DefaultRealMatrixChangingVisitor,15.79,3,19
GLSMultipleLinearRegression,45.65,42,92
MultivariateRealDistribution,77.08,37,48
RandomKey,41.63,102,245
BesselJTest,2.66,20,751
ExceptionContextProvider,66.67,6,9
Preconditioner,85.00,17,20
GillFieldIntegrator,12.68,9,71
ParameterJacobianWrapper,20.29,14,69
TravellingSalesmanSolver,29.37,74,252
DormandPrince853FieldIntegratorTest,4.05,3,74
IterationManager,52.87,83,157
MaxEvalCallback,36.36,4,11
NonSymmetricMatrixException,44.44,20,45
CircleProblem,15.00,21,140
AdamsMoultonFieldIntegrator,28.97,73,252
UnknownParameterException,40.00,10,25
Gaussian2D,0.00,0,25
Unserializable,0.00,0,3
DefaultIterativeLinearSolverEvent,50.00,59,118
Add,14.29,1,7
BigRealField,35.85,19,53
lnMant,11.11,2,18
EarthMoversDistance,6.67,1,15
VectorialMeanTest,0.00,0,52
SimplexSolverTest,3.43,30,874
AdaptiveStepsizeIntegrator,36.63,111,303
DataRow,32.20,19,59
AbstractListChromosome,54.55,42,77
SelectionPolicy,66.67,6,9
BinaryMutationTest,9.09,2,22
ParamBrusselator,4.17,2,48
Multiply,14.29,1,7
FunctionEvaluator,34.38,11,32
HaltonSequenceGeneratorTest,5.08,6,118
KeplerStepHandler,0.00,0,39
ShiftInfo,42.86,6,14
AbstractEvaluation,23.88,16,67
Circle,0.00,0,97
LutherFieldIntegrator,10.34,9,87
UnivariateMatrixFunctionDifferentiator,55.56,5,9
Marker,46.51,100,215
FixedCapacityList,53.33,24,45
AdamsMoultonIntegratorTest,1.24,3,241
AbstractFieldIntegrator,29.13,120,412
NelderMeadTransform,23.77,29,122
Equations,0.00,0,25
Localizable,70.59,12,17
GaussIntegratorFactory,62.34,96,154
FiniteDifferencesDifferentiatorTest,5.31,19,358
EigenDecomposition,28.85,249,863
RandomCirclePointGenerator,33.33,13,39
CholeskySolverTest,10.47,9,86
HarmonicCurveFitterTest,8.55,13,152
State,45.70,271,593
IterationListener,71.88,23,32
SplineInterpolator,17.07,14,82
LinearFullRankFunction,0.00,0,37
CanberraDistanceTest,0.00,0,24
ContinuousOutputModel,39.89,140,351
PiecewiseBicubicSplineInterpolatingFunction,26.06,43,165
HarmonicOscillatorTest,0.00,0,108
GaussianTest,0.00,0,129
StorelessUnivariateStatisticAbstractTest,20.34,24,118
ClassicalRungeKuttaFieldIntegrator,14.52,9,62
RealTransformerAbstractTest,44.86,131,292
UnivariateIntegrator,74.19,46,62
FirstOrderFieldIntegrator,75.86,110,145
FuzzyKMeansClusterer,34.46,122,354
PowellOptimizer,30.42,73,240
DistanceMeasure,33.33,1,3
UnivariateStatistic,70.97,22,31
VectorialCovarianceTest,0.00,0,59
LocalLeastSquaresProblem,32.09,60,187
InitializationCompletedMarkerException,18.18,2,11
RealVector,48.25,758,1571
DummyListChromosome,3.64,2,55
NotANumberException,36.36,4,11
ElitisticListPopulationTest,0.00,0,79
StorelessMean,40.00,6,15
TriDiagonalTransformer,29.77,64,215
BisectionSolverTest,0.00,0,63
MullerSolver2Test,15.38,18,117
MonitoredFunction,0.00,0,24
CalinskiHarabaszTest,3.01,4,133
PointValuePairTest,14.29,3,21
AdamsFieldStepInterpolator,35.62,52,146
Asin,26.67,4,15
MaxCountExceededExceptionTest,0.00,0,7
GaussIntegrator,51.04,49,96
NewtonRaphsonSolverTest,9.68,6,62
MathInternalError,48.39,15,31
TestBean,39.13,18,46
Clusterer,62.50,30,48
FieldSecondaryEquations,71.88,23,32
JacobianMatrices,32.79,141,430
HighamHall54StepInterpolator,24.44,22,90
NumberIsTooLargeExceptionTest,0.00,0,9
DifferentiatorVectorMultivariateJacobianFunction,33.90,20,59
ContinuousOutputFieldModel,25.48,66,259
HighamHall54FieldIntegrator,19.51,32,164
LoessInterpolatorTest,5.59,17,304
LowDiscrepancyGeneratorComparison,2.48,5,202
GillFieldStepInterpolator,15.73,14,89
AdamsBashforthIntegrator,27.36,58,212
MultiKMeansPlusPlusClustererTest,4.35,3,69
Tanh,26.67,4,15
RealVectorFormat,41.22,101,245
FieldHermiteInterpolator,28.85,45,156
AbstractRungeKuttaFieldIntegratorTest,1.62,10,617
MaxIterCallback,36.36,4,11
CircleVectorial,1.43,1,70
Plot,0.00,0,44
ArrayRealVector,24.24,222,916
NumberIsTooLargeException,47.46,28,59
StepFunctionTest,0.00,0,85
TournamentSelection,48.81,41,84
Decimal64Field,29.73,11,37
ExpFracTable,25.81,8,31
HighamHall54FieldStepInterpolatorTest,0.00,0,40
OpenIntToDoubleHashMapTest,6.10,18,295
AdamsBashforthFieldIntegrator,27.36,55,201
PerfectStarter,0.00,0,25
MultiStartUnivariateOptimizerTest,2.06,2,97
UnmodifiableRealVectorAbstractTest,23.60,97,411
LaguerreSolverTest,17.78,24,135
SecondaryComponent,30.77,8,26
QuinticFunction,20.00,3,15
PolynomialCurveFitterTest,6.02,8,133
DummyCountingBinaryChromosome,0.00,0,12
ResizableDoubleArrayTest,6.55,30,458
BrownDennisFunction,0.00,0,46
SimpleBounds,48.00,24,50
WeightedEvaluation,77.42,24,31
SqrtTest,0.00,0,46
RealLinearOperator,70.69,41,58
PolynomialCurveFitter,61.29,19,31
SynchronizedDescriptiveStatistics,42.21,65,154
TooManyEvaluationsException,42.86,6,14
ContinuousOutputFieldModelTest,6.35,12,189
ReappearingEventTest,2.94,2,68
Population,66.67,22,33
FreudensteinRothFunction,0.00,0,29
Osborne2Function,0.00,0,88
TimeDetector,19.51,8,41
WeightedProductTest,3.70,1,27
BigRealTest,0.00,0,165
MultivariateDifferentiableVectorFunction,57.14,8,14
DimensionMismatchExceptionTest,0.00,0,8
NonNegativeConstraint,47.62,10,21
Cos,26.67,4,15
FieldNordsieckInitializer,23.75,19,80
Sqrt,26.67,4,15
AdamsNordsieckTransformer,37.23,86,231
ComplexTransform,66.67,24,36
NevilleInterpolator,55.00,11,20
DormandPrince54FieldIntegratorTest,4.05,3,74
ConstantContinuousDistribution,28.17,20,71
SobolSequenceGenerator,35.96,96,267
NotFiniteNumberException,47.46,28,59
ContinuousOutputModelTest,6.63,11,166
CircleScalar,1.75,1,57
SimpleRegression,51.58,424,822
RegulaFalsiSolverTest,19.35,6,31
VariableStepHandler,0.00,0,40
SparseRealMatrixTest,11.90,79,664
ProcessModel,76.60,36,47
DescriptiveStatistics,51.72,375,725
BinaryMutation,34.62,9,26
EvaluationTest,11.53,34,295
Task,27.53,87,316
AbstractLeastSquaresOptimizerAbstractTest,5.81,32,551
FastSineTransformerTest,11.49,30,261
InsufficientDataException,43.48,10,23
ObjectiveFunction,45.00,9,20
AccurateMathStrictComparisonTest,22.57,51,226
ExponentialDecayFunction,45.76,27,59
MixtureMultivariateNormalDistribution,45.76,27,59
SemiVariance,54.21,116,214
BisectionSolver,31.75,20,63
AgrestiCoullIntervalTest,0.00,0,14
ApplicationProperties,6.94,12,173
PairTest,6.19,6,97
RiddersSolver,27.52,30,109
Facet,47.62,10,21
ExpandableStatefulODE,37.96,104,274
RealVectorTest,13.73,28,204
MixtureSampler,25.53,12,47
GeometricMean,38.89,7,18
LowerBoundMapper,32.00,8,25
DfpMath,28.06,259,923
GraggBulirschStoerIntegratorTest,1.03,4,387
MultivariateNormalMixtureExpectationMaximizationTest,9.87,38,385
VectorialMean,35.29,18,51
FitnessCachingTest,21.74,15,69
DormandPrince54StepInterpolator,22.99,43,187
DoubleArray,79.76,67,84
SparseFieldMatrix,28.48,43,151
ChromosomePair,44.19,19,43
BOBYQAOptimizer,27.37,662,2419
BardFunction,0.00,0,47
MultivariateInterpolator,72.73,16,22
NullArgumentExceptionTest,9.52,2,21
RealFieldUnivariateFunction,80.00,12,15
NullArgumentException,40.00,30,75
LazyUnweightedEvaluation,32.56,14,43
MidpointIntegrator,28.00,7,25
LogitTest,1.59,3,189
Function,66.67,12,18
MultivariateFunctionPenaltyAdapterTest,0.58,1,171
MidpointIntegratorTest,0.00,0,150
TooManyIterationsException,42.86,6,14
LeastSquaresProblem,0.00,0,30
MixtureMultivariateNormalDistributionTest,13.68,32,234
DormandPrince853Integrator,26.32,60,228
AggregateSummaryStatistics,49.65,140,282
Sigmoid,43.20,73,169
CalinskiHarabasz,33.33,44,132
GillFieldIntegratorTest,0.00,0,78
FloatUnaryOperator,57.14,4,7
ThreeEighthesStepInterpolatorTest,0.00,0,58
SchedulingChecker,8.11,3,37
FastFourierTransform,29.61,114,385
UnivariateStatisticAbstractTest,13.51,25,185
HessenbergTransformer,25.79,49,190
EmbeddedRungeKuttaFieldIntegrator,30.42,94,309
FieldODEState,45.19,47,104
Exp,26.67,4,15
SolutionCallback,57.14,20,35
HighamHall54FieldIntegratorTest,4.05,3,74
InverseHilbertMatrix,26.67,20,75
SimplePointChecker,51.61,48,93
EnumeratedIntegerDistribution,35.56,64,180
ComplexFormatTest,0.00,0,11
AccurateMathLiteralArrays,17.35,1068,6154
CodyWaite,30.88,21,68
LegendreHighPrecisionRuleFactory,23.46,42,179
SpearmansCorrelation,49.69,81,163
MaxCountExceededCallback,66.67,6,9
RunTest,33.33,7,21
PolynomialFunction,35.64,129,362
GaussIntegratorTest,0.00,0,46
NormalApproximationIntervalTest,0.00,0,14
GaussianCurveFitter,44.44,52,117
WeightedObservedPointsTest,12.24,12,98
BaseMultiStartMultivariateOptimizer,44.85,87,194
ValueAndJacobianFunction,70.59,12,17
GraggBulirschStoerStepInterpolator,20.31,65,320
RombergIntegrator,34.34,34,99
RealVectorFormatAbstractTest,0.31,1,327
PathIsExploredException,16.67,2,12
StepNormalizerOutputTestBase,23.90,60,251
LUDecomposition,25.94,90,347
BinaryChromosomeTest,2.38,1,42
DefaultProcessModel,48.20,67,139
SobolSequenceGeneratorTest,5.00,4,80
HarmonicOscillator,42.96,61,142
HaltonSequenceGenerator,40.91,54,132
HighamHall54Integrator,29.90,29,97
SetVisitor,0.00,0,9
StatUtilsTest,16.96,98,578
RectangularCholeskyDecomposition,33.56,50,149
PSquareMarkers,75.61,31,41
TheoreticalValuesFunction,29.79,14,47
SinCos,0.00,0,20
UnivariateDifferentiableMatrixFunction,61.54,8,13
Rosenbrock,0.00,0,19
StorelessGeometricMean,40.00,6,15
Pow,14.29,1,7
ArgUtilsTest,12.77,6,47
UniformCrossoverTest,4.80,6,125
CholeskyDecomposition,32.09,86,268
GradientMultivariateOptimizer,57.75,41,71
AgrestiCoullInterval,5.26,1,19
EulerStepInterpolatorTest,0.00,0,147
AbstractConvergenceChecker,46.67,21,45
SummaryStatisticsTest,8.01,29,362
NeighbourhoodSizeFunctionFactoryTest,0.00,0,70
MultivariateNormalDistribution,29.73,55,185
PopulationSize,34.78,8,23
MullerSolverTest,16.67,20,120
DefaultFieldMatrixChangingVisitor,23.33,7,30
Array2DRowFieldMatrix,27.43,155,565
MathRuntimeException,30.61,15,49
BaseAbstractUnivariateIntegrator,46.25,111,240
SecantSolverTest,31.25,5,16
LinearRank1Function,0.00,0,33
DataVisualization,35.05,75,214
FP64FieldDenseMatrixTest,8.20,21,256
BlockRealMatrix,16.83,254,1509
FirstOrderConverterTest,0.00,0,82
EquationsMapper,42.19,27,64
MathArraysTest,8.40,64,762
MultiStartMultivariateOptimizerTest,6.45,8,124
UnivariateMatrixFunction,55.56,5,9
MultivariateNormalDistributionTest,12.90,16,124
LinearRank1ZeroColsAndRowsFunction,0.00,0,42
NPointCrossover,42.97,55,128
AbstractParameterizable,29.17,14,48
Percentile,41.67,30,72
MatrixDimensionMismatchExceptionTest,0.00,0,11
DSCompilerTest,0.45,2,442
ClusterPlot,0.00,0,61
UnivariateFunctionDifferentiator,55.56,5,9
FieldElement,68.42,39,57
BiQuadratic,2.00,1,50
StringChromosome,6.12,3,49
StorelessCovarianceTest,12.34,29,235
Sinc,37.18,58,156
TricubicInterpolator,5.41,6,111
MinpackFunction,0.00,0,87
UnmodifiableOpenMapRealVectorTest,28.57,6,21
AdamsMoultonIntegrator,28.35,74,261
NotStrictlyPositiveExceptionTest,0.00,0,9
Divide,14.29,1,7
Mapper,70.59,12,17
WeightedMean,61.07,80,131
ListPopulation,43.37,72,166
Array2DRowRealMatrixTest,8.63,98,1135
DiagonalMatrixTest,0.60,2,336
Sinh,26.67,4,15
BlockFieldMatrixTest,5.89,79,1342
StatImp,28.13,9,32
AdamsBashforthIntegratorTest,1.20,3,251
IterativeLinearSolver,58.16,82,141
Evaluation,78.72,74,94
LutherFieldStepInterpolatorTest,0.00,0,40
StorelessUnivariateStatistic,70.18,40,57
RandomStraightLinePointGenerator,47.76,32,67
BracketedRealFieldUnivariateSolver,81.05,77,95
OpenIntToDoubleHashMap,32.55,179,550
DormandPrince853FieldStepInterpolator,11.79,31,263
MultivariateFunctionMappingAdapter,39.19,87,222
SimplexTest,1.18,2,169
BivariateFunctionTest,0.00,0,17
RandomCharacterMutation,0.00,0,18
BlockRealMatrixTest,6.78,84,1239
PolynomialFunctionNewtonForm,47.34,98,207
MultivariateSummaryStatistics,49.52,260,525
ClopperPearsonIntervalTest,14.12,12,85
DummyBinaryChromosome,4.76,1,21
KowalikOsborneFunction,0.00,0,54
MultipleLinearRegressionAbstractTest,4.63,5,108
DormandPrince54FieldStepInterpolatorTest,0.00,0,40
BinomialConfidenceIntervalAbstractTest,18.52,10,54
FastSineTransform,44.24,73,165
PearsonsCorrelation,53.93,151,280
NaturalComparator,64.71,11,17
LeastSquaresConverter,50.00,67,134
SymmLQ,53.13,568,1069
OverlappingEventsTest,26.09,36,138
Decimal64Test,0.00,0,410
InvalidRepresentationException,46.67,7,15
NordsieckInitializer,18.68,17,91
ClassicalRungeKuttaStepInterpolator,26.25,21,80
SingularOperatorException,33.33,4,12
AdamsFieldIntegratorAbstractTest,0.00,0,214
FunctionUtils,42.21,195,462
DividedDifferenceInterpolatorTest,16.95,20,118
GaussNewtonOptimizerWithQRTest,18.07,15,83
Cannonball,4.23,3,71
Tolerance,40.00,12,30
UnweightedEvaluation,31.82,14,44
BracketFinder,34.16,96,281
KohonenUpdateActionTest,30.99,22,71
Logistic,45.45,85,187
BracketingNthOrderBrentSolverTest,5.62,10,178
DormandPrince54StepInterpolatorTest,0.00,0,112
CertifiedDataTest,9.32,11,118
HelloWorldExample,8.84,13,147
Gaussian,28.57,6,21
PointVectorValuePairTest,5.71,2,35
OpenMapRealMatrix,27.34,73,267
OpenIntToFieldTest,6.04,18,298
RealFunctionValidation,4.01,13,324
ZeroException,45.45,10,22
AbstractFieldStepInterpolator,42.96,58,135
LocalMaxCountExceededException,36.36,8,22
NonMonotonicSequenceExceptionTest,0.00,0,19
BesselJResult,44.12,15,34
FacetData,45.16,14,31
FrenchRealVectorFormatTest,0.00,0,12
MixtureMultivariateRealDistribution,26.92,35,130
SparseFieldVectorTest,7.97,62,778
TestProblemAbstract,39.71,54,136
RiddersSolverTest,13.91,16,115
EuclideanDistanceTest,0.00,0,18
Network,43.71,153,350
Inverse,26.67,4,15
FindOnes,15.38,4,26
EvaluationRmsCheckerTest,17.11,13,76
SimplexOptimizerMultiDirectionalTest,10.06,17,169
Cbrt,26.67,4,15
KalmanFilterTest,21.24,89,419
AdamsNordsieckFieldTransformer,37.56,83,221
DormandPrince853FieldIntegrator,13.27,52,392
MutationPolicy,60.00,6,10
GillIntegrator,25.93,7,27
LocationFinderTest,20.00,8,40
Log,26.67,4,15
TricubicFunction,20.31,13,64
SimpleValueCheckerTest,0.00,0,29
OLSMultipleLinearRegression,58.82,140,238
EnumeratedDistribution,45.79,98,214
LutherIntegrator,24.24,8,33
Logit,42.35,72,170
MultiStartMultivariateOptimizer,36.99,27,73
ParameterValidator,66.67,6,9
PointVectorValuePair,48.65,36,74
QuasiSigmoidDecayFunctionTest,2.94,1,34
SpearmansRankCorrelationTest,13.95,18,129
DefaultMeasurementModel,54.39,31,57
DenseWeightedEvaluation,32.56,14,43
EulerFieldIntegratorTest,1.27,1,79
DfpField,42.17,307,728
FastFourierTransformerTest,3.72,15,403
SimpleUnivariateValueChecker,56.82,50,88
DormandPrince54Integrator,31.53,35,111
ManhattanDistance,14.29,1,7
ThreeEighthesFieldStepInterpolatorTest,0.00,0,40
ArgUtils,37.04,10,27
SparseGradientTest,2.05,22,1072
TournamentSelectionTest,5.71,2,35
ValuePenaltyPair,40.00,6,15
ChineseRings,25.81,32,124
SumOfClusterVariancesTest,0.00,0,48
MeasurementModel,73.68,14,19
DummyRandomKey,4.76,1,21
PolynomialsUtils,42.07,175,416
MapRanking,38.02,46,121
FloatBinaryOperator,62.50,5,8
PolynomialSolver,0.00,0,2
ChebyshevDistance,14.29,1,7
IntegerDistributionAbstractTest,33.24,125,376
OnePointCrossoverTest,7.69,3,39
AkimaSplineInterpolator,24.23,47,194
UnifiedDistanceMatrix,29.06,34,117
ChromosomeTest,1.08,1,93
RealFieldElement,70.38,278,395
PairNeuronDouble,30.00,9,30
SubPercentile,0.00,0,20
AbstractOptimizationProblem,33.75,27,80
EnumeratedRealDistributionTest,29.13,60,206
SparseRealVectorTest,9.80,10,102
NotPositiveException,52.17,12,23
UnivariatePeriodicInterpolatorTest,3.03,4,132
TestFieldProblemHandler,27.20,34,125
MaxCountExceededException,51.35,19,37
FieldFixedStepHandler,76.92,20,26
FeatureInitializer,62.50,5,8
NoBoundsMapper,15.38,2,13
ODEIntegrator,75.20,94,125
NotPositiveExceptionTest,0.00,0,9
SigmoidTest,0.00,0,81
HarmonicCurveFitter,55.36,160,289
OptimizationData,0.00,0,1
WeightedVariance,71.06,194,273
ConstantVoltageExample,9.57,18,188
FieldDecompositionSolver,74.36,29,39
DoubleInt2DoubleOperator,62.50,5,8
UpperBoundMapper,25.00,6,24
EventStateTest,3.15,8,254
NoFeasibleSolutionException,36.36,4,11
BrentOptimizer,24.18,66,273
MidpointStepInterpolatorTest,0.00,0,58
RealMatrixFormat,36.69,124,338
TricubicInterpolatingFunction,22.81,91,399
NotFiniteNumberExceptionTest,13.33,6,45
SumSincFunction,33.33,10,30
QuasiSigmoidDecayFunction,44.26,27,61
RandomKeyMutation,20.83,5,24
StoppingCondition,70.00,7,10
GillStepInterpolator,25.26,24,95
StepInterpolator,83.46,111,133
PolynomialFunctionLagrangeFormTest,14.07,19,135
IntervalUtilsTest,2.56,1,39
LUSolverTest,11.72,17,145
LegendreTest,6.90,2,29
ConvergenceChecker,72.73,8,11
RealMatrixFormatTest,0.00,0,12
DfpDecTest,4.07,22,541
ImageEvolutionExample,3.75,6,160
LaguerreSolver,38.03,135,355
FieldVectorTestImpl,2.73,6,220
DormandPrince54IntegratorTest,0.96,3,314
ClusterRanking,60.00,6,10
LotteryTest,0.00,0,7
SecondaryStateEvent,0.00,0,28
OnePointCrossover,48.72,38,78
HermiteInterpolatorTest,0.89,2,225
IllinoisSolverTest,15.38,2,13
LevenbergMarquardtOptimizerTest,15.43,48,311
InterpolatingMicrosphere2D,52.54,31,59
GraggBulirschStoerStepInterpolatorTest,0.00,0,114
UnivariateDifferentiableFunction,66.67,8,12
KMeansPlusPlusClusterer,36.11,182,504
AbstractIntegerDistributionTest,7.07,7,99
ElkanKMeansPlusPlusClusterer,34.76,122,351
AkimaSplineInterpolatorTest,11.74,27,230
DeepMean,0.00,0,16
Cosh,26.67,4,15
MultipleLinearRegression,67.57,25,37
ChineseRingsClassifier,30.72,47,153
LegendreParametricTest,41.51,22,53
AdamsFieldIntegrator,54.63,59,108
BiDiagonalTransformerTest,2.30,4,174
MidpointStepInterpolator,32.35,22,68
Variance,38.89,7,18
AdamsMoultonFieldIntegratorTest,5.26,3,57
ClassicalRungKuttaFieldStepInterpolatorTest,0.00,0,40
LinearInterpolatorTest,15.18,17,112
RRQRDecomposition,40.91,81,198
Skewness,38.89,7,18
LocalizedFormatsTest,0.00,0,74
Atan,26.67,4,15
IterativeLegendreGaussIntegrator,40.00,54,135
ResettingEvent,13.89,5,36
UnivariateFunction,59.09,13,22
PreconditionedIterativeLinearSolver,53.33,88,165
FieldODEStateAndDerivative,52.94,27,51
CMAESOptimizer,35.47,432,1218
IntegerSequenceTest,2.01,6,299
KeplerHandler,8.57,3,35
IntegerSequence,50.72,175,345
MultivariateFunctionMappingAdapterTest,0.60,1,168
DifferentiatorVectorMultivariateJacobianFunctionTest,16.80,21,125
PowellOptimizerTest,17.23,41,238
SimpleUnivariateValueCheckerTest,0.00,0,29
LevenbergMarquardtOptimizer,30.04,280,932
LogisticTest,0.60,1,168
FloatToIntFunction,57.14,4,7
MultivariateDifferentiableFunction,75.00,9,12
LinearInterpolator,30.00,15,50
BaseRuleFactoryTest,21.88,7,32
SynchronizedSummaryStatisticsTest,0.00,0,7
TestFieldProblemAbstract,39.53,68,172
DormandPrince54FieldIntegrator,21.23,38,179
CorrelatedVectorFactoryTest,0.00,0,136
WilsonScoreInterval,4.17,1,24
GaussNewtonOptimizerWithSVDTest,19.44,21,108
LutherFieldStepInterpolator,35.68,66,185
CycleCrossover,31.93,38,119
Stop,0.00,0,23
ArrayRealVectorTest,1.38,2,145
DormandPrince853StepInterpolator,19.07,86,451
LineSearch,59.05,62,105
Kurtosis,38.89,7,18
MidPointIntegratorTest,23.91,33,138
LocalValueAndJacobianFunction,28.21,11,39
Dfp,23.27,652,2802
MeyerFunction,0.00,0,49
MillerUpdatingRegressionTest,10.02,108,1078
StepNormalizerOutputTest,0.00,0,47
FirstOrderConverter,37.29,22,59
AbstractStepInterpolator,36.64,207,565
JdkMathTest,24.00,12,50
FixedElapsedTime,46.81,22,47
PolygonChromosome,15.84,16,101
Log10,25.00,4,16
SimpleVectorValueChecker,53.61,52,97
LegendreRuleFactory,23.36,25,107
MicrosphereProjectionInterpolatorTest,13.71,17,124
ClassicalRungeKuttaFieldIntegratorTest,0.00,0,78
TestProblem5,33.33,3,9
TestProblem6,12.82,5,39
FieldBracketingNthOrderBrentSolverTest,3.47,5,144
FieldMatrixImplTest,7.69,86,1118
GetVisitor,0.00,0,15
DiceDistribution,2.22,1,45
TestProblem3,16.44,12,73
TestProblem4,7.21,8,111
TestProblem1,13.51,5,37
ObjectiveFunctionGradient,45.00,9,20
TestProblem2,13.16,5,38
IntervalUtils,63.24,86,136
EnumeratedIntegerDistributionTest,23.40,33,141
NeuronSquareMesh2D,36.15,282,780
XMinus5Function,20.00,3,15
StandAlone,21.21,28,132
ParameterizedWrapper,31.03,18,58
EulerIntegratorTest,0.00,0,150
NeuralNetException,50.00,16,32
Minus,26.67,4,15
ConfidenceInterval,50.00,41,82
Acosh,26.67,4,15
NotStrictlyPositiveException,50.00,12,24
LaguerreTest,0.00,0,23
EigenDecompositionTest,9.15,68,743
BracketFinderTest,1.10,1,91
TricubicInterpolatingFunctionTest,11.29,70,620
DividedDifferenceInterpolator,54.32,44,81
MultiDirectionalTransform,26.55,30,113
BOBYQAOptimizerTest,11.39,36,316
LaguerreRuleFactory,14.58,7,48
DfpTest,17.94,296,1650
NonSquareMatrixException,46.67,7,15
UnboundedSolutionException,36.36,4,11
AbstractRealMatrix,10.89,107,983
ChebyquadFunction,0.00,0,76
AbstractRealDistribution,45.03,77,171
Entry,48.89,22,45
UnivariateSolverUtilsTest,3.76,7,186
ClassicalRungeKuttaIntegratorTest,0.98,3,306
PerfectInterpolator,0.00,0,83
Bounce,3.33,1,30
RuleBuilder,7.69,1,13
NonLinearConjugateGradientOptimizer,43.03,108,251
LinearOptimizer,53.47,54,101
SearchInterval,45.45,30,66
SincTest,0.00,0,95
BaseOptimizer,54.17,143,264
NonLinearConjugateGradientOptimizerTest,0.27,1,376
LinearConstraintSet,51.61,16,31
EventFilter,29.93,44,147
Statistics,43.11,247,573
DummyStepInterpolatorTest,0.98,1,102
FieldStepNormalizer,40.00,72,180
ThreeEighthesFieldIntegrator,14.52,9,62
NetworkTest,24.66,36,146
Power,32.00,8,25
StepNormalizer,38.86,82,211
PolynomialFunctionTest,20.87,48,230
BrentSolverTest,31.53,70,222
SymmetricGaussIntegrator,33.80,24,71
ArrayFieldVectorTest,7.38,90,1220
DimensionMismatchException,47.37,18,38
StatisticsTest,0.00,0,37
ConjugateGradient,27.22,43,158
HelicalValleyFunction,0.00,0,44
NonMonotonicSequenceException,50.54,47,93
KohonenTrainingTask,39.39,13,33
LoessInterpolator,45.41,188,414
MinPermutations,11.11,3,27
Covariance,56.15,137,244
ImageData,32.71,35,107
Ulp,14.29,1,7
SplineInterpolatorTest,17.30,32,185
PixelClusterable,28.57,8,28
DummyStepHandler,54.55,30,55
FieldButcherArrayProvider,52.94,9,17
TrivariateGridInterpolator,75.00,18,24
RealMatrixChangingVisitor,73.33,22,30
IllinoisSolver,47.50,19,40
ComplexSolver,30.87,46,149
LeastSquaresAdapter,24.56,14,57
JacobianFunctionTest,1.49,1,67
ThreeEighthesIntegrator,25.93,7,27
MatrixUtils,49.38,478,968
LowerUpperBoundMapper,34.48,10,29
UnivariateDifferentiableVectorFunction,61.54,8,13
JacobiansSecondaryEquations,10.81,8,74
AccurateMathTest,9.69,187,1930
QRDecomposition,33.33,152,456
FieldMatrix,83.25,646,776
ParameterizedCircle,0.00,0,99
MatrixUtilsTest,9.91,45,454
ExtendedFieldElementAbstractTest,0.00,0,529
FieldMatrixChangingVisitor,73.33,22,30
Sin,26.67,4,15
StepInterpolatorTestUtils,0.92,1,109
DBSCANClusterer,38.65,63,163
WeightedVarianceTest,14.29,6,42
ExceptionContextTest,7.37,7,95
SparseRealMatrix,0.00,0,2
MultiDimensionMismatchException,48.44,31,64
ImprovementEvaluator,44.07,26,59
EmpiricalDistributionTest,15.13,69,456
SecondOrderIntegrator,70.83,17,24
HighamHall54StepInterpolatorTest,0.00,0,112
PermutationChromosome,69.23,9,13
TransformUtils,45.86,61,133
NewtonRaphsonSolver,40.98,25,61
CompositeFormat,40.31,77,191
DfpDec,19.35,66,341
ArrayFieldVector,37.71,408,1082
RungeKuttaFieldStepInterpolatorAbstractTest,1.51,4,265
Field,73.33,22,30
MidpointFieldIntegrator,18.37,9,49
DiagonalMatrix,35.12,118,336
StatUtils,61.04,412,675
LewTest,0.00,0,7
ExpIntTable,21.62,8,37
MicrosphereProjectionInterpolator,40.74,55,135
InternalData,38.89,14,36
PSquarePercentile,45.97,354,770
SimpleVectorValueCheckerTest,0.00,0,31
FunctionUtilsTest,0.57,2,351
Simplex,46.82,184,393
SumMean,0.00,0,40
Log1p,26.67,4,15
StatisticalMultivariateSummary,74.19,69,93
SimplexOptimizerTest,22.76,117,514
EulerIntegrator,30.43,7,23
SecondOrderDifferentialEquations,64.71,11,17
AbstractMultipleLinearRegression,50.57,176,348
Chromosome,52.56,41,78
OptimTestUtils,16.90,24,142
Linear,0.00,0,59
MainStateJacobianProvider,61.54,8,13
AdamsBashforthFieldIntegratorTest,5.26,3,57
Corrector,29.58,21,71
WeightedEvaluationAbstractTest,11.79,23,195
VoltMeter,17.14,6,35
ResizableDoubleArray,57.28,413,721
OutOfRangeException,47.17,25,53
KendallsCorrelationTest,7.29,18,247
AbstractCurveFitter,48.28,42,87
FieldExpandableODETest,0.64,2,313
MainStateJacobianWrapper,19.64,11,56
InitialGuess,45.00,9,20
LocationFinder,46.99,39,83
MathIllegalNumberException,40.63,13,32
ParametricUnivariateFunction,73.68,14,19
UnivariateDifferentiableSolver,0.00,0,2
PointValuePair,34.72,25,72
ModelSpecificationException,46.15,6,13
PegasusSolver,47.50,19,40
Ode,0.00,0,11
MidpointFieldStepInterpolatorTest,0.00,0,40
ConvergenceException,50.00,11,22
BracketedUnivariateSolver,80.43,37,46
RealVectorFormatTest,0.00,0,12
PiecewiseBicubicSplineInterpolator,9.09,3,33
AbstractMultivariateRealDistribution,33.33,15,45
PolynomialFunctionNewtonFormTest,15.09,24,159
StatisticalSummary,75.61,31,41
DescriptiveStatisticsTest,10.43,49,470
MathParseException,50.00,13,26
GaussNewtonOptimizer,38.25,96,251
DummyRuleFactory,13.33,4,30
MidpointFieldIntegratorTest,0.00,0,78
MapUtils,38.03,27,71
GaussianCurveFitterTest,15.37,61,397
AbstractStorelessUnivariateStatistic,56.80,71,125
AggregatingSummaryStatistics,53.13,17,32
FuzzyKMeansClustererTest,5.15,5,97
JacobianFunction,20.51,8,39
RegressionResults,50.51,198,392
Ceil,14.29,1,7
RealDistributionAbstractTest,30.27,122,403
WilsonScoreIntervalTest,0.00,0,20
Dfp25,5.00,1,20
GaussianQuadratureAbstractTest,52.87,46,87
DummyFieldStepInterpolator,0.00,0,31
RungeKuttaFieldIntegratorAbstractTest,1.62,10,617
UnivariateVectorFunctionDifferentiator,55.56,5,9
Max,38.89,7,18
AnyMatrix,54.93,39,71
EvaluationTestValidation,33.72,87,258
RandomKeyMutationTest,0.00,0,21
StorelessMax,40.00,6,15
FieldVectorChangingVisitor,75.00,21,28
Clusterable,55.56,5,9
StorelessStatImp,19.44,14,72
DummyOptimizer,23.08,3,13
AbstractIntegrator,29.02,121,417
RangeFunction,66.67,8,12
SemiVarianceTest,8.88,15,169
CentroidCluster,42.86,9,21
ExampleFrame,53.33,8,15
AggregateSummaryStatisticsTest,23.96,75,313
MultiKMeansPlusPlusClusterer,41.33,31,75
AccurateMath,31.40,1312,4179
FiniteDifferencesDifferentiator,35.48,110,310
LinearProblem,0.00,0,42
LazyHolder,25.00,1,4
Incrementor,48.98,120,245
OLSMultipleLinearRegressionTest,11.68,92,788
Neuron,56.99,106,186
MathIllegalArgumentException,41.67,5,12
RegulaFalsiSolver,47.50,19,40
Decimal10,0.00,0,79
GradientFunction,21.62,8,37
Box3DimensionalFunction,0.00,0,38
SingularValueDecomposition,28.38,195,687
Fitness,50.00,4,8
StepNormalizerTest,0.00,0,96
MaxEval,47.22,17,36
UnivariateVectorFunction,55.56,5,9
BaseRuleFactory,45.22,52,115
UnivariateSolver,0.00,0,2
RungeKuttaFieldIntegrator,29.67,62,209
RungeKuttaIntegrator,26.67,56,210
HermiteTest,24.71,21,85
DummyStepInterpolator,41.07,46,112
BicubicFunction,28.64,61,213
RealVectorPreservingVisitor,78.13,25,32
TestProblemHandler,25.95,34,131
IterationEvent,53.33,16,30
ListPopulationTest,5.24,10,191
ElkanKMeansPlusPlusClustererTest,6.93,7,101
AdamsIntegrator,55.34,57,103
Asinh,26.67,4,15
Osborne1Function,0.00,0,51
MidPointIntegrator,45.11,60,133
MultivariateMatrixFunction,54.55,6,11
FieldDenseMatrix,36.06,119,330
FieldEventHandler,92.13,117,127
PiecewiseBicubicSplineInterpolatingFunctionTest,16.10,38,236
OrderedCrossover,28.26,26,92
UnivariateInterpolator,75.00,9,12
QRSolverTest,8.98,15,167
BesselJ,31.25,185,592
LutherIntegratorTest,0.00,0,298
DecompositionSolver,84.13,53,63
MapRankingTest,10.31,10,97
StepFunction,39.71,27,68
City,32.08,51,159
NeuronString,44.85,74,165
PolynomialSplineFunction,47.06,80,170
Range,42.00,21,50
RealTransform,60.71,17,28
FieldBracketingNthOrderBrentSolver,34.68,137,395
StraightLineProblem,16.79,22,131
RealVectorChangingVisitor,78.79,26,33
ClusterEvaluator,64.52,20,31
LUDecompositionTest,6.04,16,265
OrderedCrossoverTest,3.90,3,77
Sampler,62.50,5,8
OpenIntToFieldHashMap,33.51,190,567
AdamsNordsieckTransformerTest,11.11,10,90
Acos,26.67,4,15
MultivariateNormalMixtureExpectationMaximization,35.75,143,400
HedarFukushimaTransform,32.50,52,160
BicubicInterpolatingFunction,35.96,196,545
Constant,32.00,8,25
AbstractUnivariateStatistic,44.00,44,100
Decimal64,40.33,294,729
RungeKuttaStepInterpolator,37.65,64,170
BigRealFieldTest,5.26,1,19
ManhattanDistanceTest,0.00,0,18
FastHadamardTransform,68.51,198,289
JdkMathTestPerformance,2.32,26,1119
LeastSquaresFactory,38.88,194,499
FourExtrema,26.32,5,19
MissingRequiredPropertyException,0.00,0,10
MidpointFieldStepInterpolator,18.18,12,66
HermiteParametricTest,34.92,22,63
GaussNewtonOptimizerWithLUTest,19.59,19,97
NoBracketingException,54.43,43,79
SecantSolver,33.33,31,93
Equation,0.00,0,13
OpenMapRealVector,27.44,211,769
NonSquareOperatorException,50.00,7,14
StorelessCovariance,50.54,94,186
CoolingSchedule,46.30,25,54
BivariateGridInterpolator,72.73,16,22
ThreeEighthesStepInterpolator,25.58,22,86
BivariateFunction,47.06,8,17
TrapezoidIntegratorTest,15.79,15,95
WeightedSum,67.47,56,83
IterativeLinearSolverEvent,75.00,66,88
HighamHall54FieldStepInterpolator,15.00,12,80
FitnessFunction,26.44,23,87
EulerFieldStepInterpolator,20.69,12,58
DefaultFieldMatrixPreservingVisitor,25.00,7,28
BicubicInterpolatingFunctionTest,11.77,69,586
SparseFieldMatrixTest,13.21,88,666
MapVisualization,66.67,6,9
SynchronizedMultivariateSummaryStatisticsTest,0.00,0,7
SimulatedAnnealing,47.27,78,165
RosenbrockFunction,0.00,0,18
SimpsonIntegrator,40.70,35,86
CannonballExample,14.02,38,271
MatrixDimensionMismatchException,45.65,21,46
CMAESOptimizerTest,5.42,27,498
UnivariateObjectiveFunction,45.00,9,20
FieldStepHandler,78.13,25,32
ParameterGuesser,38.75,62,160
WatsonFunction,0.00,0,69
SimpleCurveFitterTest,11.11,3,27
Sum,38.89,7,18
GaussNewtonOptimizerWithCholeskyTest,19.59,19,97
CloseEventsGenerator,0.00,0,34
ParameterConfiguration,39.02,16,41
ClopperPearsonInterval,3.13,1,32
FieldLUSolverTest,9.21,14,152
PSquarePercentileTest,10.92,65,595
UniformCrossover,35.29,30,85
Min,38.89,7,18
SchurTransformer,26.59,109,410
ClassicalRungeKuttaFieldStepInterpolator,15.79,12,76
AdaptiveStepsizeFieldIntegrator,37.37,108,289
DoublePoint,33.93,19,56
Subtract,14.29,1,7
CorrelatedVectorFactory,41.58,42,101
PegasusSolverTest,15.38,2,13
Split,35.00,42,120
MultivariateSummaryStatisticsTest,5.91,13,220
PiecewiseBicubicSplineInterpolatorTest,16.67,33,198
SchurTransformerTest,5.06,9,178
BinaryChromosome,33.33,23,69
EventHandler,87.50,147,168
AbstractFieldMatrix,14.76,156,1057
BadPercentile,12.50,2,16
FastCosineTransform,46.82,81,173
FieldEventState,33.56,99,295
NevilleInterpolatorTest,16.95,20,118
StatisticalReferenceDataset,40.59,138,340
RandomPolygonMutation,0.00,0,25
JacobiKey,32.50,13,40
OpenMapEntry,29.03,9,31
Observer,60.00,9,15
UnivariateFunctionTest,1.04,1,96
HighamHall54IntegratorTest,3.32,11,331
FloatDouble2FloatOperator,62.50,5,8
FixedGenerationCount,43.18,19,44
RRQRSolverTest,8.82,15,170
DummyLocalizable,24.24,8,33
BlockFieldMatrix,17.09,258,1510
SumOfSquares,38.89,7,18
UnivariateDifferentiableFunctionTest,0.00,0,199
UpdateAction,66.67,6,9
DormandPrince853FieldStepInterpolatorTest,0.00,0,40
Markers,38.84,87,224
CycleCrossoverTest,5.47,7,128
GillIntegratorTest,1.46,3,206
ExampleUtils,13.16,10,76
OptimumImpl,24.44,22,90
BevingtonProblem,0.00,0,54
ClampedSplineInterpolator,30.91,34,110
BadStepInterpolator,0.00,0,10
ChebyshevDistanceTest,0.00,0,18
GraggBulirschStoerIntegrator,25.36,211,832
FloatInt2FloatOperator,62.50,5,8
NaNStatImp,35.29,6,17
EmbeddedRungeKuttaIntegrator,27.42,85,310
SimpsonIntegratorTest,30.65,114,372
StorelessSum,40.00,6,15
BaseMultivariateOptimizer,38.52,47,122
Frequency,40.84,136,333
Event,4.76,1,21
Rint,14.29,1,7
RealVectorTestImpl,2.53,2,79
DormandPrince853StepInterpolatorTest,0.00,0,112
StorelessMin,40.00,6,15
MathArrays,47.12,516,1095
Display,0.00,0,83
ImagePainter,0.00,0,29
SymmLQTest,1.64,11,671
CloseDistance,0.00,0,8
LocalException,0.00,0,3
AbstractEmbeddedRungeKuttaFieldIntegratorTest,2.87,16,557
FrequencyTest,3.51,11,313
LeastSquaresBuilder,54.92,106,193
FirstOrderDifferentialEquations,58.82,10,17
EulerStepInterpolator,39.29,22,56
LegendreHighPrecisionTest,6.90,2,29
FieldEquationsMapper,33.94,56,165
MiniBatchKMeansClustererTest,36.60,56,153
PolynomialFunctionLagrangeForm,48.28,140,290
RecurrenceCoefficientsGenerator,66.67,6,9
Polygon,36.96,34,92
ComplexFormat,43.44,169,389
RRQRDecompositionTest,3.08,7,227
PolynomialsUtilsTest,1.12,4,356
SimpleCurveFitter,41.18,119,289
EnumeratedRealDistribution,33.33,70,210
DoubleIndex,20.93,9,43
DerivativeStructure,36.88,406,1101
PowellSingularFunction,0.00,0,38
AbstractIntegerDistribution,40.00,66,165
Signum,14.29,1,7
GeneticAlgorithm,47.52,96,202
SparseFieldVector,30.85,236,765
BicubicInterpolatorTest,16.44,24,146
UnivariateOptimizer,48.55,67,138
DummyChromosome,0.00,0,13
SparseEntryIterator,25.40,16,63
SimplexOptimizerNelderMeadTest,8.02,17,212
NonPositiveDefiniteOperatorException,20.00,2,10
LutherStepInterpolator,43.15,63,146
QRDecompositionTest,3.16,8,253
BigReal,40.54,120,296
Sigma,34.62,9,26
SingularValueDecompositionTest,6.76,20,296
EulerFieldIntegrator,20.45,9,44
TriDiagonalTransformerTest,1.97,3,152
MiniBatchKMeansClusterer,35.47,94,265
BaseSecantSolverAbstractTest,20.89,47,225
SimpleValueChecker,56.82,50,88
FieldHermiteInterpolatorTest,0.83,2,241
UnmodifiableArrayRealVectorTest,31.25,5,16
ClassicalRungeKuttaStepInterpolatorTest,0.00,0,58
Iterator,33.67,33,98
Parameterizable,62.50,10,16
Pair,47.62,60,126
EventState,32.01,121,378
AccurateMathCalc,30.54,193,632
Cluster,33.96,18,53
NumberIsTooSmallException,46.67,28,60
MultivariateVectorFunction,54.55,6,11
SecondaryEquations,60.00,12,20
MathIllegalStateException,50.00,17,34
BaseAbstractUnivariateSolver,50.36,139,276
NordsieckStepInterpolator,29.96,74,247
SimplexTableauTest,0.00,0,74
StatisticalReferenceDatasetFactory,8.09,14,173
BaseOptimizerTest,7.69,3,39
UnivariateSolverUtils,50.81,220,433
SimplexSolver,38.26,132,345
BrownAlmostLinearFunction,0.00,0,59
TransformUtilsTest,0.00,0,36
Location,40.00,12,30
FixedGenerationCountTest,13.33,6,45
LutherStepInterpolatorTest,0.00,0,58
BaseSecantSolver,28.02,65,232
LutherFieldIntegratorTest,0.00,0,94
StepNormalizerOutputOverlapTest,0.00,0,47
TricubicInterpolatorTest,13.17,27,205
GeneticAlgorithmTestPermutations,23.76,24,101
HessenbergTransformerTest,4.57,9,197
DoubleArrayAbstractTest,0.98,1,102
ClassicalRungeKuttaIntegrator,27.59,8,29
MultistepFieldIntegrator,40.74,154,378
OptimizationProblem,70.83,17,24
FastHadamardTransformerTest,23.16,22,95
TestFieldProblem2,13.51,5,37
OpenMapSparseIterator,19.35,6,31
TestFieldProblem1,12.82,5,39
Identity,26.67,4,15
Brusselator,0.00,0,55
TestFieldProblem4,7.44,9,121
CloseEventsTest,15.84,16,101
TestFieldProblem3,16.25,13,80
TestFieldProblem6,11.90,5,42
TestFieldProblem5,33.33,4,12
NeighbourhoodSizeFunction,66.67,6,9
RungeKuttaFieldStepInterpolator,37.27,41,110
LinearObjectiveFunction,40.48,34,84
OpenMapRealMatrixTest,22.22,6,27
StepFieldProblem,0.00,0,55
ExponentialDecayFunctionTest,0.00,0,39
SimplexTableau,34.15,279,817
FieldStepInterpolator,72.97,27,37
StatisticalSummaryValuesTest,0.00,0,29
DerivativeStructureTest,4.99,78,1562
IllConditionedOperatorException,46.67,7,15
NoDataException,45.00,9,20
UnivariatePeriodicInterpolator,33.33,31,93
JacobianMatricesTest,3.42,20,584
RandomKeyTest,2.07,3,145
GillFieldStepInterpolatorTest,0.00,0,40
NeuronSquareMesh2DTest,27.82,237,852
HermiteInterpolator,34.92,66,189
DBSCANClustererTest,3.70,6,162
AbstractPolynomialSolver,46.30,25,54
JacobiPreconditioner,34.58,37,107
SynchronizedDescriptiveStatisticsTest,0.00,0,7
SingularMatrixException,36.36,4,11
NordsieckTransformer,57.14,8,14
CrossoverPolicy,66.67,8,12
ThreeEighthesIntegratorTest,1.51,3,199
FieldExpandableODE,36.96,34,92
Atanh,26.67,4,15
UnmodifiableEntry,36.84,7,19
BaseUnivariateSolver,81.73,85,104
FieldVectorPreservingVisitor,74.07,20,27
LeastSquaresOptimizer,70.27,26,37
BinomialConfidenceInterval,79.31,23,29
ParameterJacobianProvider,71.43,15,21
SumStat,9.09,6,66
PolynomialSplineFunctionTest,23.87,37,155
KMeansPlusPlusClustererTest,15.07,22,146
BracketingNthOrderBrentSolver,27.50,99,360
EarthMoversDistanceTest,4.17,1,24
Optimum,68.42,13,19
RealVectorAbstractTest,8.02,156,1945
NonSelfAdjointOperatorException,20.00,2,10
MinpackTest,0.07,1,1392
DP54SmallLastHandler,0.00,0,27
TooManyEvaluationsExceptionTest,0.00,0,12
MullerSolver,29.87,46,154
SumOfClusterVariances,29.41,15,51
GoodPercentile,0.00,0,22
CholeskyDecompositionTest,8.70,10,115
SimplePointCheckerTest,0.00,0,31
Model,0.00,0,15
ElitisticListPopulation,45.78,38,83
ThreeEighthesFieldStepInterpolator,15.58,12,77
MultiStartUnivariateOptimizer,39.47,75,190
Tan,26.67,4,15
WeightedObservedPoint,52.08,25,48
PerfTestUtils,37.22,131,352
FixedStepHandler,81.25,26,32
MillerUpdatingRegression,23.17,247,1066
BiDiagonalTransformer,20.18,68,337
DormandPrince853IntegratorTest,1.78,8,449
WeightedProduct,68.18,60,88
LearningFactorFunction,66.67,6,9
MapDataVisualization,66.67,8,12
TestUtils,30.47,167,548
NPointCrossoverTest,3.85,4,104
Parametric,10.00,2,20
FieldLUDecomposition,22.34,88,394
EmbeddedRungeKuttaFieldIntegratorAbstractTest,2.87,16,557
DSCompiler,38.01,631,1660
FrenchComplexFormatTest,0.00,0,12
NumberIsTooSmallExceptionTest,0.00,0,9
VectorialCovariance,29.41,25,85
WeightedSumTest,0.00,0,22
DummyIntegrator,0.00,0,7
StepProblem,0.00,0,47
StatisticalSummaryValues,36.13,43,119
TransformException,50.00,14,28
FieldVector,72.53,169,233
NeuronTest,19.28,16,83
SphereMapping,0.00,0,46
GeneticAlgorithmTestBinary,24.21,23,95
MultivariateFunction,77.78,14,18
GLSMultipleLinearRegressionTest,14.12,37,262
FastCosineTransformerTest,6.96,16,230
GillStepInterpolatorTest,0.00,0,58
FixedElapsedTimeTest,12.73,7,55
Atan2,14.29,1,7
LearningFactorFunctionFactory,50.00,41,82
OffsetFeatureInitializer,44.00,11,25
MathUnsupportedOperationException,47.37,9,19
MultivariateFunctionPenaltyAdapter,52.07,63,121
TrapezoidIntegrator,40.83,49,120
StorelessSumOfSquares,40.00,6,15
BrentSolver,39.44,28,71
Mean,38.89,7,18
Solver,50.57,44,87
JdkMath,49.63,602,1213
SynchronizedMultivariateSummaryStatistics,37.30,91,244
RombergIntegratorTest,15.79,15,95
MultivariateJacobianFunction,60.00,6,10
SparseRealVector,0.00,0,1
StepHandler,78.79,26,33
EvaluationRmsChecker,50.00,24,48
Basis,15.38,8,52
WeightedMeanTest,0.00,0,17
DefaultRealMatrixPreservingVisitor,17.65,3,17
PearsonsCorrelationTest,10.69,31,290
Array2DRowRealMatrix,22.85,122,534
FieldLUDecompositionTest,5.90,17,288
FieldMatrixPreservingVisitor,72.41,21,29
ElliRotated,0.00,0,22
BicubicInterpolator,23.96,23,96
BrentOptimizerTest,11.65,31,266
KendallsCorrelation,26.47,54,204
Floor,14.29,1,7
LearningFactorFunctionFactoryTest,1.19,1,84
MultistepIntegrator,40.05,157,392
NormalApproximationInterval,6.67,1,15
InterpolatingMicrosphere,45.01,158,351
LinearConstraint,54.43,86,158
SummaryStatistics,51.25,246,480
TrivariateFunction,72.73,8,11
OutOfRangeExceptionTest,0.00,0,9
ConjugateGradientTest,3.55,21,592
RealMatrix,82.12,652,794
NordsieckStepInterpolatorTest,0.00,0,56
ExceptionContext,47.81,142,297
ThreeEighthesFieldIntegratorTest,0.00,0,78
VariableHandler,0.00,0,40
EigenSolverTest,9.25,16,173
MaxIter,47.22,17,36
