<?xml version="1.0"?>
<!DOCTYPE suppressions PUBLIC
  "-//Checkstyle//DTD SuppressionFilter Configuration 1.2//EN"
  "https://checkstyle.org/dtds/suppressions_1_2.dtd">
<!--
   Licensed to the Apache Software Foundation (ASF) under one or more
   contributor license agreements.  See the NOTICE file distributed with
   this work for additional information regarding copyright ownership.
   The ASF licenses this file to You under the Apache License, Version 2.0
   (the "License"); you may not use this file except in compliance with
   the License.  You may obtain a copy of the License at

       http://www.apache.org/licenses/LICENSE-2.0

   Unless required by applicable law or agreed to in writing, software
   distributed under the License is distributed on an "AS IS" BASIS,
   WITHOUT WARRANTIES OR CONDITIONS OF ANY KIND, either express or implied.
   See the License for the specific language governing permissions and
   limitations under the License.
-->

<suppressions>

  <!-- Suppress some test checks-->
  <suppress checks="JavadocMethod" files="src[/\\]test[/\\]java[/\\]" />
  <suppress checks="JavadocPackage" files="src[/\\]test[/\\]java[/\\]" />
  <suppress checks="JavadocVariable" files="src[/\\]test[/\\]java[/\\]" />
  <suppress checks="MethodName" files="src[/\\]test[/\\]java[/\\]" />
  <suppress checks="MagicNumber" files="src[/\\]test[/\\]java[/\\]" />
  <suppress checks="ParameterNumber" files="src[/\\]test[/\\]java[/\\]" />

  <!-- Suppress visibility check of some member fields as they have to be kept
       for binary compatibility reasons                                         -->
  <suppress checks="VisibilityModifier" files="HelpFormatter.java" />

  <!-- Cannot hide public constructor due to binary compatibility reasons       -->
  <suppress checks="HideUtilityClassConstructor" files="PatternOptionBuilder.java" />
  <suppress checks="HideUtilityClassConstructor" files="TypeHandler.java" />

  <!-- These are final package private classes, and we do not want to hide the
       constructor as this will negatively affect the code coverage             -->
  <suppress checks="HideUtilityClassConstructor" files="OptionValidator.java" />
  <suppress checks="HideUtilityClassConstructor" files="Util.java" />

</suppressions>
