<?xml version="1.0" encoding="UTF-8"?>
<!--
   Licensed to the Apache Software Foundation (ASF) under one or more
   contributor license agreements.  See the NOTICE file distributed with
   this work for additional information regarding copyright ownership.
   The ASF licenses this file to You under the Apache License, Version 2.0
   (the "License"); you may not use this file except in compliance with
   the License.  You may obtain a copy of the License at

       http://www.apache.org/licenses/LICENSE-2.0

   Unless required by applicable law or agreed to in writing, software
   distributed under the License is distributed on an "AS IS" BASIS,
   WITHOUT WARRANTIES OR CONDITIONS OF ANY KIND, either express or implied.
   See the License for the specific language governing permissions and
   limitations under the License.
-->
<FindBugsFilter xmlns="https://github.com/spotbugs/filter/3.0.0"
  xmlns:xsi="http://www.w3.org/2001/XMLSchema-instance"
  xsi:schemaLocation="https://github.com/spotbugs/filter/3.0.0 https://raw.githubusercontent.com/spotbugs/spotbugs/3.1.0/spotbugs/etc/findbugsfilter.xsd">

  <Match>
    <Class name="org.apache.commons.cli.HelpFormatter" />
    <Method name="printHelp"
      params="int,java.lang.String,java.lang.String,org.apache.commons.cli.Options,java.lang.String,boolean"
      returns="void" />
    <Bug pattern="DM_DEFAULT_ENCODING" />
  </Match>

  <Match>
    <!-- Note: OptionBuilder is deprecated. -->
    <Class name="org.apache.commons.cli.OptionBuilder" />
    <Method name="withType"
      params="java.lang.Class"
      returns="org.apache.commons.cli.OptionBuilder" />
    <Bug pattern="EI_EXPOSE_STATIC_REP2" />
  </Match>
  <!-- org.apache.commons.cli.HelpFormatter -->
  <Match>
    <!-- Note: public ivars are deprecated. -->
    <Class name="org.apache.commons.cli.HelpFormatter" />
    <Field name="defaultArgName" />
    <Bug pattern="PA_PUBLIC_PRIMITIVE_ATTRIBUTE" />
  </Match>
  <Match>
    <!-- Note: public ivars are deprecated. -->
    <Class name="org.apache.commons.cli.HelpFormatter" />
    <Field name="defaultDescPad" />
    <Bug pattern="PA_PUBLIC_PRIMITIVE_ATTRIBUTE" />
  </Match>
  <Match>
    <!-- Note: public ivars are deprecated. -->
    <Class name="org.apache.commons.cli.HelpFormatter" />
    <Field name="defaultLeftPad" />
    <Bug pattern="PA_PUBLIC_PRIMITIVE_ATTRIBUTE" />
  </Match>
  <Match>
    <!-- Note: public ivars are deprecated. -->
    <Class name="org.apache.commons.cli.HelpFormatter" />
    <Field name="defaultLongOptPrefix" />
    <Bug pattern="PA_PUBLIC_PRIMITIVE_ATTRIBUTE" />
  </Match>
  <Match>
    <!-- Note: public ivars are deprecated. -->
    <Class name="org.apache.commons.cli.HelpFormatter" />
    <Field name="defaultNewLine" />
    <Bug pattern="PA_PUBLIC_PRIMITIVE_ATTRIBUTE" />
  </Match>
  <Match>
    <!-- Note: public ivars are deprecated. -->
    <Class name="org.apache.commons.cli.HelpFormatter" />
    <Field name="defaultOptPrefix" />
    <Bug pattern="PA_PUBLIC_PRIMITIVE_ATTRIBUTE" />
  </Match>
  <Match>
    <!-- Note: public ivars are deprecated. -->
    <Class name="org.apache.commons.cli.HelpFormatter" />
    <Field name="defaultSyntaxPrefix" />
    <Bug pattern="PA_PUBLIC_PRIMITIVE_ATTRIBUTE" />
  </Match>
  <Match>
    <!-- Note: public ivars are deprecated. -->
    <Class name="org.apache.commons.cli.HelpFormatter" />
    <Field name="defaultWidth" />
    <Bug pattern="PA_PUBLIC_PRIMITIVE_ATTRIBUTE" />
  </Match>
  <Match>
    <!-- Special case for using System.out as the default. -->
    <Class name="org.apache.commons.cli.HelpFormatter" />
    <Method name="createDefaultPrintWriter" />
    <Bug pattern="DM_DEFAULT_ENCODING" />
  </Match>
  <Match>
    <!-- Doesn't make sense and compatibility. -->
    <Class name="org.apache.commons.cli.TypeHandler" />
    <Bug pattern="SING_SINGLETON_HAS_NONPRIVATE_CONSTRUCTOR" />
  </Match>

  <Match>
    <!-- TODO ? -->
    <Bug pattern="EI_EXPOSE_REP" />
  </Match>
  
  <Match>
    <!-- TODO ? -->
    <Bug pattern="EI_EXPOSE_REP2" />
  </Match>
  
  <Match>
    <!-- TODO ? -->
    <Bug pattern="CT_CONSTRUCTOR_THROW" />
  </Match>
  
</FindBugsFilter>
